sale_id,product_id,store_id,customer_id,quantity
1,4,2,80,4
2,7,2,5,4
3,10,1,74,1
4,10,3,43,3
5,8,3,98,4
6,4,3,94,2
7,4,3,100,2
8,10,2,49,4
9,9,2,98,4
10,3,1,65,5
11,8,1,66,1
12,5,2,37,4
13,3,2,22,4
14,3,3,38,1
15,8,1,68,2
16,6,2,82,2
17,9,3,19,1
18,7,1,36,2
19,6,3,27,4
20,6,3,48,5
21,5,2,65,2
22,1,3,68,1
23,2,3,8,3
24,6,1,98,3
25,8,1,48,4
26,5,1,15,5
27,4,1,93,2
28,1,1,93,3
29,1,2,59,5
30,9,2,63,5
31,6,1,62,3
32,3,3,59,4
33,5,3,72,5
34,5,2,25,4
35,6,3,51,5
36,4,2,40,3
37,6,3,48,2
38,3,3,67,1
39,6,2,66,3
40,10,1,51,5
41,5,3,15,4
42,4,3,91,3
43,5,1,46,4
44,3,3,15,3
45,3,3,84,2
46,10,2,19,5
47,1,2,90,5
48,4,3,77,1
49,2,2,34,3
50,4,1,74,1
51,3,3,14,4
52,4,2,7,3
53,1,1,68,2
54,8,1,58,2
55,9,3,70,4
56,4,1,20,3
57,4,1,43,4
58,2,3,40,1
59,3,2,57,4
60,10,2,60,2
61,8,2,49,2
62,8,3,70,1
63,9,2,75,4
64,2,1,76,4
65,9,2,15,3
66,6,1,30,1
67,4,2,74,4
68,7,1,57,1
69,2,3,37,3
70,3,1,42,3
71,4,3,76,1
72,4,1,45,3
73,9,2,36,2
74,8,1,90,5
75,3,3,7,2
76,1,2,30,3
77,4,1,21,1
78,10,1,16,2
79,3,2,98,1
80,2,2,40,5
81,7,3,7,3
82,4,2,20,2
83,1,1,37,1
84,5,3,72,4
85,6,3,23,4
86,7,1,83,4
87,3,3,65,3
88,3,1,73,3
89,8,1,96,1
90,5,1,87,5
91,5,1,40,5
92,2,1,88,5
93,2,2,29,3
94,4,3,2,1
95,7,2,41,5
96,1,2,79,4
97,8,1,2,4
98,3,2,18,2
99,6,1,82,2
100,6,3,74,1
101,10,1,57,2
102,5,1,82,4
103,5,1,54,5
104,3,2,43,4
105,7,3,86,2
106,2,1,47,3
107,3,2,8,2
108,3,2,31,4
109,1,2,97,5
110,6,2,5,2
111,3,3,79,1
112,2,3,18,2
113,4,2,74,3
114,8,2,80,2
115,10,3,69,4
116,6,3,6,5
117,9,1,6,2
118,8,3,32,1
119,8,1,100,3
120,5,3,20,3
121,2,2,46,3
122,6,1,58,1
123,9,2,64,5
124,7,1,6,3
125,4,1,57,4
126,10,3,51,4
127,10,2,98,5
128,1,2,6,1
129,1,1,75,4
130,6,2,69,3
131,9,2,92,2
132,1,2,32,3
133,8,3,13,2
134,3,3,1,2
135,5,3,56,5
136,1,1,99,5
137,8,1,23,5
138,9,1,1,2
139,2,3,70,5
140,4,1,15,4
141,8,2,49,5
142,2,1,90,4
143,7,2,22,4
144,9,1,77,1
145,3,1,7,3
146,5,2,91,1
147,10,2,76,5
148,3,3,67,4
149,5,2,94,4
150,9,1,28,3
151,1,2,32,4
152,9,2,2,1
153,5,3,23,1
154,3,3,71,4
155,4,2,77,3
156,4,3,14,2
157,3,3,99,5
158,4,1,35,5
159,7,3,100,1
160,6,1,84,3
161,3,3,28,1
162,2,1,75,1
163,6,1,50,2
164,6,3,82,2
165,2,2,14,5
166,6,2,36,5
167,1,1,20,4
168,10,3,18,1
169,10,3,67,2
170,5,1,18,4
171,9,2,100,3
172,3,1,78,1
173,4,2,3,3
174,5,1,51,5
175,10,2,44,3
176,8,3,30,2
177,3,1,44,5
178,7,2,84,2
179,4,1,22,2
180,2,3,12,4
181,9,3,63,3
182,5,3,65,2
183,3,1,60,2
184,3,1,34,3
185,1,1,58,4
186,5,3,25,5
187,6,1,73,5
188,6,2,61,1
189,6,1,39,1
190,8,3,76,5
191,10,3,80,2
192,8,1,41,4
193,3,1,44,1
194,3,1,79,4
195,6,1,24,5
196,10,3,17,1
197,4,1,61,3
198,6,1,33,3
199,8,2,38,1
200,9,3,95,1
201,9,2,95,1
202,10,1,80,4
203,3,2,61,4
204,6,1,51,5
205,9,3,18,2
206,6,1,13,5
207,10,3,74,1
208,8,1,50,1
209,5,3,93,5
210,10,1,80,5
211,5,3,56,3
212,3,3,97,2
213,10,2,7,5
214,4,1,49,5
215,2,3,10,2
216,5,1,38,2
217,1,2,20,4
218,1,1,38,1
219,5,1,43,5
220,6,3,21,1
221,2,3,85,1
222,5,3,46,2
223,10,2,90,5
224,9,3,90,4
225,9,1,13,3
226,3,2,45,3
227,9,3,62,2
228,9,3,81,5
229,6,1,51,5
230,8,1,20,1
231,3,2,82,1
232,2,2,80,2
233,9,2,35,2
234,4,2,45,1
235,4,1,53,3
236,5,3,15,2
237,8,2,80,1
238,1,2,65,3
239,6,1,67,4
240,2,3,59,1
241,1,2,48,2
242,6,1,79,3
243,4,2,79,5
244,5,1,41,4
245,4,2,19,2
246,8,2,94,4
247,9,2,97,1
248,7,1,78,5
249,5,3,97,1
250,9,2,30,1
251,8,3,81,2
252,5,2,10,4
253,7,1,65,2
254,7,3,89,1
255,9,2,6,5
256,9,3,46,5
257,1,3,30,3
258,4,2,82,3
259,8,1,66,5
260,7,1,69,1
261,9,1,4,4
262,10,2,38,5
263,8,3,90,4
264,5,3,43,4
265,3,1,9,4
266,2,3,85,5
267,5,3,48,4
268,2,3,57,2
269,1,2,88,2
270,5,3,61,3
271,6,3,51,1
272,2,1,17,4
273,1,3,27,2
274,4,1,14,1
275,9,2,25,4
276,5,3,77,4
277,7,3,80,4
278,6,3,80,5
279,5,1,48,2
280,6,1,31,4
281,8,2,50,1
282,6,1,26,1
283,10,2,46,5
284,1,2,55,5
285,3,2,54,4
286,10,1,72,1
287,3,3,30,1
288,4,1,24,3
289,4,1,57,1
290,4,3,2,5
291,5,3,41,1
292,9,2,42,2
293,1,3,56,3
294,9,2,85,1
295,4,3,7,2
296,3,2,61,1
297,8,2,46,3
298,4,2,37,4
299,7,1,37,5
300,8,3,29,5
301,5,1,59,5
302,5,2,93,3
303,1,2,75,4
304,8,3,49,3
305,7,2,89,2
306,7,1,40,4
307,7,2,32,2
308,7,3,30,3
309,10,2,95,3
310,8,2,89,1
311,5,1,29,4
312,5,3,14,2
313,1,1,38,4
314,9,1,6,4
315,6,3,30,5
316,6,2,86,4
317,7,3,70,3
318,5,2,54,4
319,2,2,76,2
320,5,3,2,3
321,3,2,29,3
322,8,2,44,3
323,8,3,6,1
324,1,2,38,3
325,8,2,73,4
326,10,3,62,1
327,9,1,43,5
328,10,3,89,2
329,3,3,40,3
330,6,1,84,1
331,9,2,3,2
332,2,1,22,5
333,8,1,51,1
334,7,1,38,5
335,3,3,4,5
336,6,2,50,4
337,5,2,83,4
338,5,1,19,2
339,5,1,71,4
340,3,3,81,5
341,4,3,32,4
342,8,2,22,1
343,7,1,74,5
344,10,2,19,4
345,6,1,83,4
346,6,2,79,2
347,4,1,56,1
348,10,1,64,4
349,1,1,26,3
350,3,2,73,2
351,1,2,89,3
352,1,2,50,1
353,10,1,45,3
354,1,2,74,1
355,10,3,83,4
356,9,1,84,4
357,5,3,94,1
358,2,2,40,4
359,10,1,66,5
360,10,1,63,5
361,5,1,49,2
362,7,1,83,1
363,1,1,23,5
364,8,3,55,5
365,7,1,15,4
366,4,3,64,1
367,8,2,46,3
368,6,3,42,1
369,8,1,56,1
370,3,2,66,1
371,4,1,40,4
372,7,3,2,3
373,3,2,68,5
374,1,1,65,2
375,7,2,26,3
376,2,3,66,2
377,3,1,81,4
378,6,2,9,2
379,2,1,68,4
380,3,3,17,3
381,6,2,5,4
382,10,3,42,4
383,6,1,18,4
384,2,3,43,3
385,9,1,33,3
386,1,1,92,5
387,8,3,38,5
388,4,3,82,3
389,8,2,17,3
390,5,1,44,3
391,4,3,41,1
392,1,3,53,4
393,5,2,46,3
394,5,2,52,2
395,3,1,97,2
396,10,3,87,2
397,8,1,14,1
398,9,3,88,4
399,6,2,3,1
400,9,2,43,4
401,7,2,26,4
402,6,2,50,3
403,4,2,76,1
404,8,2,78,3
405,1,2,27,1
406,10,3,77,5
407,10,2,88,2
408,2,2,80,1
409,8,1,41,3
410,9,1,89,5
411,4,3,26,3
412,4,2,83,4
413,2,3,84,2
414,9,1,20,2
415,2,3,95,4
416,3,3,69,1
417,4,1,80,1
418,1,3,79,5
419,5,3,93,4
420,6,3,71,3
421,3,2,83,2
422,9,2,80,4
423,3,3,34,1
424,2,2,7,1
425,4,2,38,2
426,2,1,54,3
427,3,3,56,3
428,4,2,71,3
429,6,3,88,4
430,5,2,35,4
431,7,2,8,4
432,3,1,2,4
433,5,2,63,3
434,6,1,9,2
435,2,3,62,2
436,10,2,30,1
437,8,1,89,4
438,7,2,41,1
439,6,2,85,2
440,1,1,26,3
441,5,1,5,4
442,3,3,9,4
443,5,1,23,5
444,8,2,99,4
445,6,3,10,5
446,6,1,79,3
447,7,3,30,5
448,4,3,15,3
449,1,2,38,2
450,9,3,79,2
451,2,1,8,5
452,8,3,11,5
453,2,1,43,3
454,5,2,92,2
455,6,2,24,4
456,7,3,5,5
457,2,1,61,5
458,2,2,68,1
459,6,1,80,1
460,8,3,3,5
461,1,3,51,1
462,6,3,99,1
463,9,2,95,4
464,1,1,48,1
465,7,1,77,1
466,2,2,10,4
467,9,3,60,1
468,3,1,16,5
469,4,1,36,3
470,1,3,1,1
471,3,3,22,3
472,1,3,63,1
473,8,3,74,2
474,3,1,63,3
475,7,1,85,1
476,1,1,23,3
477,3,1,68,1
478,4,2,82,5
479,10,2,11,2
480,6,3,49,1
481,10,2,94,1
482,8,1,100,3
483,9,2,29,3
484,9,2,2,5
485,7,3,100,5
486,9,1,86,3
487,10,1,57,1
488,5,3,9,4
489,2,3,81,1
490,4,3,73,1
491,1,2,41,2
492,2,3,54,4
493,5,2,4,1
494,4,1,24,3
495,8,3,3,2
496,8,2,20,2
497,2,3,73,1
498,4,1,12,4
499,3,3,79,1
500,5,3,21,5
501,1,2,20,3
502,7,2,92,3
503,5,1,45,2
504,10,2,57,1
505,10,2,96,1
506,10,1,72,4
507,8,3,99,4
508,4,1,98,2
509,4,2,90,3
510,6,3,16,2
511,2,2,91,2
512,10,3,45,5
513,2,1,91,4
514,3,2,4,1
515,4,2,35,2
516,7,1,45,2
517,7,3,15,4
518,4,2,13,2
519,7,2,48,5
520,8,1,40,1
521,1,2,37,2
522,9,3,100,1
523,8,3,15,5
524,7,2,88,4
525,1,1,42,2
526,9,3,59,4
527,10,1,15,1
528,7,1,97,4
529,2,3,100,3
530,5,2,83,3
531,4,3,86,2
532,5,3,68,4
533,9,2,94,2
534,8,1,50,5
535,5,1,63,3
536,7,1,19,5
537,6,2,24,2
538,10,1,61,5
539,10,1,80,5
540,7,1,11,4
541,2,1,49,5
542,1,1,76,3
543,5,3,86,5
544,1,2,63,5
545,4,3,88,3
546,5,2,2,1
547,1,1,60,4
548,2,3,17,3
549,8,2,73,2
550,4,3,76,4
551,10,2,48,2
552,4,2,33,3
553,5,3,61,1
554,9,1,69,3
555,2,2,72,2
556,4,1,29,4
557,10,1,27,4
558,10,2,78,3
559,4,3,46,1
560,2,3,31,1
561,10,1,57,1
562,8,3,20,4
563,7,1,15,2
564,1,2,50,1
565,4,1,22,4
566,9,2,13,5
567,8,2,24,1
568,1,1,19,1
569,6,1,100,3
570,10,3,91,5
571,9,1,76,2
572,7,2,53,1
573,7,1,28,1
574,5,3,75,3
575,9,1,7,2
576,10,3,43,2
577,9,2,94,1
578,5,3,62,3
579,9,2,19,5
580,5,3,70,5
581,7,3,82,3
582,1,2,22,5
583,3,3,74,4
584,6,3,66,2
585,8,1,35,4
586,9,2,95,1
587,10,1,1,5
588,5,3,95,3
589,10,2,9,5
590,9,2,67,1
591,9,1,87,4
592,2,2,88,3
593,2,3,63,4
594,10,2,50,5
595,8,1,89,2
596,4,2,78,1
597,3,2,28,3
598,3,3,17,1
599,6,1,23,2
600,10,3,50,1
601,2,2,10,3
602,10,3,60,1
603,1,1,70,1
604,5,2,2,2
605,9,2,57,2
606,1,1,29,4
607,5,1,80,3
608,4,3,24,4
609,7,2,36,2
610,9,2,25,1
611,6,3,25,3
612,7,1,42,1
613,4,2,88,2
614,4,3,59,2
615,4,3,23,4
616,4,3,37,5
617,2,3,12,2
618,7,1,21,2
619,9,2,66,2
620,10,3,94,2
621,8,2,31,1
622,2,3,81,3
623,10,1,15,4
624,1,2,36,4
625,8,1,9,2
626,1,3,22,3
627,10,1,91,1
628,8,1,32,5
629,2,1,82,4
630,9,3,74,3
631,9,3,76,4
632,3,3,18,3
633,8,1,61,1
634,6,3,25,5
635,10,3,39,3
636,5,2,31,5
637,4,1,92,5
638,9,3,41,1
639,9,2,59,4
640,7,2,32,5
641,10,1,40,1
642,7,3,97,1
643,5,2,40,5
644,5,3,58,4
645,4,3,87,4
646,6,3,97,2
647,10,2,52,1
648,4,2,16,4
649,4,3,49,3
650,6,1,19,1
651,7,1,17,3
652,1,1,14,1
653,4,3,55,2
654,3,2,85,1
655,7,3,40,5
656,7,1,79,5
657,10,3,97,5
658,2,1,59,2
659,8,1,81,5
660,5,2,83,4
661,10,1,47,2
662,1,3,90,1
663,10,2,19,4
664,2,3,4,4
665,9,2,1,1
666,6,3,72,5
667,8,3,38,5
668,7,2,67,1
669,3,3,22,2
670,3,1,39,2
671,4,3,13,4
672,1,2,49,5
673,4,3,13,5
674,8,2,52,1
675,10,1,17,5
676,9,3,36,4
677,6,3,43,4
678,6,2,51,1
679,5,2,72,4
680,1,2,88,3
681,10,2,12,4
682,2,1,57,5
683,9,2,94,5
684,1,1,2,4
685,4,1,47,3
686,9,2,95,2
687,2,1,81,2
688,8,2,48,3
689,1,3,39,2
690,1,2,27,2
691,1,3,70,4
692,10,2,88,5
693,7,3,94,5
694,9,3,77,1
695,9,3,27,5
696,8,2,38,1
697,10,1,20,2
698,10,2,70,3
699,5,2,29,3
700,5,2,20,4
701,1,1,24,4
702,7,1,88,2
703,3,1,63,3
704,10,1,60,1
705,8,2,1,4
706,5,3,78,3
707,5,1,51,5
708,6,2,11,2
709,7,2,91,5
710,3,1,71,4
711,2,2,9,5
712,5,3,78,4
713,6,3,45,5
714,1,2,45,2
715,3,3,3,2
716,2,2,15,2
717,8,3,58,4
718,8,3,70,2
719,3,3,80,1
720,6,2,68,5
721,9,1,90,5
722,9,1,5,1
723,2,3,48,2
724,8,2,30,3
725,4,1,39,4
726,8,3,55,4
727,6,2,47,5
728,2,1,62,1
729,9,1,44,3
730,3,2,93,1
731,6,3,11,3
732,2,2,34,2
733,8,1,30,3
734,8,1,29,3
735,1,1,46,3
736,8,2,90,2
737,4,3,43,4
738,10,2,51,1
739,10,3,22,5
740,4,3,39,3
741,7,3,67,4
742,1,2,1,1
743,3,3,38,3
744,7,2,90,1
745,4,2,100,2
746,1,3,70,4
747,3,3,4,3
748,3,3,30,1
749,7,3,25,2
750,8,1,90,4
751,8,2,36,2
752,3,1,95,3
753,7,1,97,1
754,7,1,52,2
755,6,2,3,2
756,9,1,56,4
757,6,2,83,1
758,6,1,60,5
759,3,2,90,2
760,10,1,36,4
761,2,2,74,5
762,9,3,55,2
763,1,3,65,3
764,8,3,73,2
765,7,2,52,1
766,1,1,76,5
767,5,3,85,4
768,10,3,65,2
769,2,3,60,5
770,4,1,98,3
771,1,1,95,4
772,8,3,99,3
773,3,2,12,1
774,7,1,59,5
775,4,1,61,3
776,9,3,66,2
777,9,3,8,5
778,8,3,96,3
779,4,3,33,3
780,1,1,67,5
781,4,1,87,3
782,3,2,59,2
783,10,1,42,3
784,1,3,42,4
785,9,3,46,3
786,8,2,71,5
787,5,2,16,3
788,1,2,96,4
789,2,3,28,3
790,2,1,30,1
791,10,3,75,1
792,8,1,25,3
793,7,1,86,5
794,10,1,64,1
795,4,1,70,1
796,8,3,91,5
797,3,2,10,1
798,10,3,47,2
799,10,2,51,5
800,7,1,69,4
801,5,3,56,4
802,2,3,26,3
803,3,1,44,2
804,5,2,54,4
805,10,3,47,5
806,8,1,41,4
807,6,3,90,3
808,2,1,91,5
809,10,1,100,3
810,2,2,4,1
811,5,1,98,4
812,5,1,92,4
813,6,3,3,1
814,2,1,58,5
815,5,2,14,1
816,3,1,77,2
817,6,3,67,2
818,7,3,36,5
819,1,1,54,3
820,6,1,3,3
821,1,3,50,3
822,10,3,8,1
823,7,1,81,4
824,2,3,84,2
825,7,3,98,4
826,6,3,7,3
827,4,1,65,3
828,1,1,100,3
829,4,2,6,5
830,8,3,89,4
831,7,1,92,3
832,7,2,34,4
833,4,1,63,2
834,4,2,71,2
835,3,2,55,4
836,3,3,15,1
837,6,2,40,1
838,2,3,80,5
839,6,1,13,1
840,5,2,78,2
841,4,1,36,3
842,6,1,25,2
843,9,1,60,1
844,4,2,71,1
845,9,2,82,2
846,8,1,8,3
847,7,2,31,4
848,7,3,93,5
849,9,2,36,4
850,9,3,88,4
851,10,3,63,2
852,2,2,66,2
853,5,1,26,3
854,10,2,31,5
855,7,1,29,5
856,5,1,12,3
857,8,2,68,4
858,10,1,84,3
859,10,1,69,4
860,10,2,56,3
861,3,2,100,2
862,7,2,37,2
863,1,3,85,3
864,8,2,3,1
865,6,3,19,1
866,10,3,24,3
867,6,1,78,3
868,5,1,35,3
869,4,2,25,2
870,8,2,69,3
871,8,3,37,5
872,8,3,5,2
873,2,2,53,3
874,3,3,84,1
875,9,2,33,5
876,4,3,37,1
877,5,1,54,4
878,6,2,2,2
879,2,1,73,2
880,9,1,64,1
881,4,3,72,5
882,8,1,87,5
883,6,3,89,3
884,5,1,81,4
885,6,1,48,1
886,2,1,76,3
887,7,1,53,2
888,10,3,10,5
889,1,1,62,2
890,6,1,98,2
891,4,2,13,3
892,6,1,22,4
893,1,2,50,3
894,4,2,56,3
895,6,3,7,1
896,1,3,50,4
897,9,3,28,4
898,3,2,32,5
899,3,1,42,1
900,6,2,9,4
901,9,3,6,2
902,2,1,82,3
903,10,3,13,4
904,9,2,31,5
905,7,3,64,4
906,3,2,20,1
907,8,3,50,1
908,8,3,54,1
909,10,3,92,1
910,1,2,38,2
911,9,3,85,4
912,2,2,31,4
913,3,2,13,4
914,1,2,76,1
915,9,3,53,3
916,3,2,77,5
917,5,1,100,4
918,6,1,100,2
919,6,3,24,3
920,9,1,75,5
921,7,3,15,4
922,1,3,56,3
923,2,1,42,5
924,9,1,59,4
925,8,3,10,3
926,4,2,98,3
927,2,3,30,1
928,10,2,35,5
929,1,2,80,3
930,7,3,85,1
931,6,3,91,5
932,5,1,53,2
933,1,1,91,5
934,4,3,39,2
935,8,2,88,3
936,1,3,35,2
937,6,3,91,1
938,9,1,50,3
939,1,1,7,1
940,8,3,100,3
941,4,1,92,2
942,2,1,53,3
943,7,1,97,1
944,4,1,85,5
945,10,3,16,3
946,5,2,1,2
947,1,3,3,3
948,8,1,56,3
949,1,3,46,2
950,4,1,25,5
951,1,2,24,5
952,2,3,78,2
953,2,1,55,3
954,5,3,46,3
955,5,2,92,5
956,5,3,73,3
957,4,3,74,3
958,8,1,46,2
959,3,1,68,2
960,5,2,39,5
961,6,3,13,5
962,9,1,85,5
963,3,1,73,3
964,10,1,53,3
965,9,2,75,1
966,7,1,65,2
967,8,3,46,4
968,1,2,37,1
969,10,2,73,1
970,7,3,100,3
971,1,1,67,1
972,5,2,52,3
973,2,3,22,4
974,4,3,12,3
975,4,1,90,4
976,10,1,64,1
977,9,1,54,2
978,2,1,53,2
979,10,3,51,5
980,6,3,62,1
981,9,2,58,5
982,8,2,11,4
983,5,2,90,4
984,7,1,13,1
985,10,1,94,2
986,1,1,71,3
987,2,1,8,5
988,7,1,83,5
989,3,3,3,4
990,10,2,48,4
991,8,2,46,4
992,2,1,35,3
993,10,2,20,3
994,10,3,34,4
995,3,1,63,5
996,9,2,87,5
997,6,1,8,5
998,7,3,48,5
999,2,2,91,2
1000,10,3,34,3
1001,6,2,63,1
1002,2,3,37,4
1003,7,1,72,5
1004,8,3,3,1
1005,4,3,35,5
1006,4,1,94,4
1007,10,2,79,3
1008,10,1,79,3
1009,5,3,48,4
1010,5,3,23,3
1011,9,3,53,1
1012,3,1,72,2
1013,4,2,18,1
1014,9,2,41,2
1015,6,1,1,2
1016,4,3,66,5
1017,4,1,15,2
1018,4,1,36,5
1019,9,1,5,5
1020,9,2,97,5
1021,10,1,64,3
1022,6,3,34,3
1023,9,1,71,5
1024,1,2,44,5
1025,7,3,86,3
1026,6,2,5,5
1027,2,3,20,4
1028,6,3,46,4
1029,9,3,56,3
1030,9,2,23,1
1031,3,2,2,1
1032,2,2,69,5
1033,3,2,93,3
1034,5,1,40,3
1035,7,3,77,1
1036,9,2,2,3
1037,8,2,78,1
1038,10,3,73,5
1039,3,2,84,3
1040,1,2,84,1
1041,7,2,53,1
1042,7,1,70,4
1043,2,3,71,3
1044,6,2,76,4
1045,2,1,35,1
1046,4,1,74,5
1047,3,3,68,4
1048,2,2,38,3
1049,2,2,31,4
1050,8,3,82,1
1051,1,1,71,5
1052,3,3,72,5
1053,7,3,84,5
1054,4,1,36,1
1055,8,3,3,4
1056,8,2,87,2
1057,4,3,20,1
1058,8,2,78,4
1059,7,1,47,1
1060,5,1,81,2
1061,7,1,66,2
1062,4,3,31,4
1063,2,3,59,4
1064,1,2,52,3
1065,10,2,67,4
1066,9,2,83,2
1067,8,1,32,5
1068,9,3,35,2
1069,5,1,95,2
1070,2,2,63,1
1071,7,3,57,4
1072,7,2,20,2
1073,3,2,87,4
1074,4,3,86,1
1075,10,3,88,5
1076,1,1,6,3
1077,8,2,80,3
1078,5,1,70,4
1079,8,3,57,4
1080,7,2,93,3
1081,3,3,65,4
1082,4,3,40,5
1083,3,1,99,2
1084,3,3,17,2
1085,10,2,49,5
1086,7,3,99,3
1087,1,3,43,5
1088,4,2,81,4
1089,10,2,95,3
1090,2,1,68,4
1091,9,3,67,5
1092,8,2,8,4
1093,3,3,62,3
1094,2,1,73,1
1095,2,3,78,2
1096,7,1,5,1
1097,3,3,4,4
1098,7,2,54,5
1099,8,3,52,2
1100,5,2,73,1
1101,9,3,97,1
1102,1,3,57,4
1103,3,3,25,3
1104,5,1,49,1
1105,9,1,49,4
1106,5,3,66,4
1107,7,1,82,5
1108,4,1,49,2
1109,8,2,53,1
1110,4,3,92,5
1111,3,2,90,2
1112,10,1,37,4
1113,8,1,64,2
1114,1,1,15,3
1115,2,1,11,3
1116,1,3,60,1
1117,10,2,69,3
1118,6,1,50,3
1119,1,1,48,2
1120,5,2,42,2
1121,10,2,2,5
1122,5,1,92,1
1123,1,1,26,3
1124,4,2,98,1
1125,8,3,52,1
1126,7,3,79,5
1127,6,1,55,3
1128,9,3,36,1
1129,2,2,28,3
1130,8,3,25,5
1131,3,1,25,1
1132,9,3,92,1
1133,9,1,85,1
1134,1,1,64,5
1135,8,3,78,1
1136,4,3,66,1
1137,4,3,14,2
1138,10,3,6,5
1139,2,3,77,3
1140,8,2,48,1
1141,10,3,13,2
1142,3,2,4,4
1143,4,2,68,1
1144,2,3,88,4
1145,3,2,94,5
1146,3,3,32,5
1147,4,1,82,2
1148,3,1,27,4
1149,2,2,20,3
1150,7,1,85,3
1151,6,2,65,3
1152,3,3,96,2
1153,4,3,28,4
1154,7,2,74,5
1155,5,3,37,1
1156,3,2,71,3
1157,4,3,66,1
1158,8,1,38,3
1159,4,1,78,3
1160,7,3,86,1
1161,6,1,34,4
1162,3,2,58,3
1163,1,2,3,4
1164,9,1,95,2
1165,7,2,74,5
1166,10,1,77,1
1167,6,3,48,4
1168,4,1,13,4
1169,7,3,7,5
1170,9,2,42,4
1171,1,1,50,5
1172,10,2,5,5
1173,3,3,67,4
1174,4,1,77,3
1175,5,3,54,1
1176,6,3,47,1
1177,2,1,37,1
1178,4,3,9,3
1179,4,3,64,3
1180,10,1,52,3
1181,4,1,62,4
1182,5,3,95,5
1183,4,3,23,5
1184,7,3,100,5
1185,5,2,75,3
1186,2,1,3,2
1187,8,2,27,3
1188,8,3,94,2
1189,2,2,21,5
1190,1,1,32,3
1191,2,2,18,2
1192,7,2,57,3
1193,1,2,15,2
1194,7,1,32,5
1195,2,1,74,2
1196,7,2,35,1
1197,4,1,48,1
1198,2,3,40,2
1199,8,2,30,5
1200,7,2,98,4
1201,10,2,80,3
1202,6,2,34,5
1203,8,3,96,4
1204,4,3,9,4
1205,1,3,41,5
1206,6,3,28,2
1207,8,1,63,2
1208,6,2,42,5
1209,1,3,12,4
1210,5,1,13,5
1211,6,3,10,5
1212,7,2,29,2
1213,5,1,15,2
1214,5,3,87,2
1215,6,1,99,3
1216,9,3,29,1
1217,6,1,65,5
1218,5,3,8,4
1219,6,1,39,4
1220,4,3,12,1
1221,3,3,18,4
1222,6,2,10,4
1223,2,2,19,3
1224,3,3,23,5
1225,7,3,66,1
1226,5,2,40,5
1227,4,3,52,1
1228,9,3,37,5
1229,2,3,85,4
1230,9,2,22,4
1231,3,3,13,1
1232,9,2,100,2
1233,10,3,12,4
1234,9,3,7,5
1235,4,3,72,3
1236,9,2,3,3
1237,6,1,22,1
1238,5,1,46,5
1239,7,1,25,1
1240,3,2,68,5
1241,7,2,19,1
1242,1,2,18,4
1243,8,2,43,1
1244,1,2,84,1
1245,10,2,92,4
1246,4,3,94,1
1247,3,3,42,3
1248,10,2,1,5
1249,9,2,99,2
1250,9,2,47,3
1251,9,1,96,3
1252,10,1,16,3
1253,10,3,88,5
1254,7,3,5,2
1255,2,1,27,2
1256,6,3,97,2
1257,1,2,72,1
1258,10,1,97,2
1259,6,3,8,4
1260,5,1,62,3
1261,3,3,43,4
1262,9,3,59,2
1263,9,3,97,5
1264,6,3,87,5
1265,2,1,8,1
1266,5,2,35,4
1267,7,1,52,5
1268,10,3,61,4
1269,9,3,14,2
1270,9,3,4,3
1271,8,2,50,1
1272,3,1,29,3
1273,1,3,19,1
1274,9,3,3,2
1275,10,1,51,1
1276,2,1,70,2
1277,10,1,99,4
1278,3,2,51,5
1279,10,2,93,1
1280,8,2,95,4
1281,5,3,32,2
1282,9,1,5,2
1283,6,3,60,3
1284,9,1,22,4
1285,4,1,70,4
1286,7,1,48,4
1287,3,2,71,1
1288,2,3,22,1
1289,1,2,97,3
1290,2,3,43,4
1291,3,1,8,5
1292,6,3,15,2
1293,7,2,3,3
1294,5,1,21,1
1295,1,2,17,2
1296,4,1,48,5
1297,1,2,40,3
1298,4,2,68,5
1299,8,2,46,5
1300,4,3,2,4
1301,5,1,3,1
1302,8,3,23,2
1303,2,3,29,4
1304,10,2,61,5
1305,3,1,31,5
1306,6,1,1,4
1307,5,3,76,5
1308,3,1,64,4
1309,9,1,61,5
1310,2,2,15,4
1311,10,2,80,1
1312,4,3,80,3
1313,10,3,45,5
1314,10,3,72,1
1315,10,3,8,3
1316,10,3,14,3
1317,2,1,49,2
1318,6,3,30,3
1319,2,1,4,5
1320,10,2,67,2
1321,9,2,37,4
1322,5,1,15,1
1323,1,2,80,3
1324,9,1,32,4
1325,8,1,13,5
1326,9,2,33,2
1327,3,1,97,4
1328,2,1,93,2
1329,2,2,2,5
1330,3,1,78,3
1331,2,2,86,4
1332,8,1,94,4
1333,9,1,61,2
1334,8,3,47,3
1335,8,3,26,5
1336,7,1,94,2
1337,4,2,70,1
1338,10,3,14,4
1339,9,3,87,1
1340,1,2,34,2
1341,1,3,46,2
1342,10,2,75,2
1343,6,2,21,4
1344,1,2,29,3
1345,5,2,62,5
1346,5,1,90,2
1347,1,2,22,3
1348,1,3,32,1
1349,8,3,60,3
1350,1,3,71,4
1351,3,3,29,5
1352,10,2,8,3
1353,9,1,49,3
1354,5,2,17,3
1355,5,1,12,1
1356,7,1,28,1
1357,10,3,22,3
1358,3,1,21,4
1359,2,3,95,3
1360,8,2,79,4
1361,6,2,3,2
1362,2,1,91,5
1363,5,3,98,1
1364,7,3,22,3
1365,7,3,40,5
1366,5,2,99,5
1367,2,3,84,4
1368,10,3,76,1
1369,10,2,1,4
1370,1,3,37,5
1371,7,1,24,5
1372,4,3,44,2
1373,10,3,30,5
1374,5,3,9,5
1375,3,3,88,4
1376,7,1,33,1
1377,2,2,8,4
1378,8,1,16,3
1379,2,2,68,2
1380,6,2,10,1
1381,5,3,75,1
1382,6,1,86,5
1383,10,2,53,3
1384,8,1,1,1
1385,9,1,92,3
1386,3,1,43,3
1387,1,1,91,2
1388,5,3,10,5
1389,7,2,1,3
1390,8,1,15,5
1391,2,2,93,2
1392,10,2,51,3
1393,2,1,26,3
1394,10,1,72,4
1395,1,1,93,2
1396,5,2,55,4
1397,7,3,81,1
1398,2,3,66,5
1399,3,1,24,1
1400,5,3,68,1
1401,4,3,62,5
1402,9,2,63,4
1403,4,1,73,4
1404,6,1,45,1
1405,10,2,17,1
1406,1,1,85,5
1407,3,2,53,2
1408,2,1,95,2
1409,10,3,19,1
1410,10,3,19,1
1411,5,3,76,3
1412,5,3,86,4
1413,7,3,25,5
1414,8,3,54,1
1415,9,3,69,4
1416,4,3,12,3
1417,6,3,3,5
1418,5,2,2,4
1419,10,2,73,3
1420,5,2,40,1
1421,7,2,12,1
1422,8,1,68,4
1423,2,3,72,4
1424,2,1,64,1
1425,2,2,19,4
1426,3,1,47,3
1427,3,3,46,5
1428,5,1,19,5
1429,2,1,4,1
1430,2,2,13,4
1431,1,2,11,2
1432,2,2,48,3
1433,1,1,99,2
1434,4,3,99,4
1435,5,3,68,5
1436,4,2,71,3
1437,2,1,10,3
1438,9,1,4,1
1439,1,1,85,5
1440,5,2,90,1
1441,7,1,92,5
1442,4,3,43,2
1443,7,3,30,5
1444,7,1,15,5
1445,5,1,9,3
1446,4,3,31,1
1447,2,2,16,4
1448,10,3,24,1
1449,5,2,20,5
1450,6,2,30,5
1451,3,1,53,2
1452,9,3,95,3
1453,3,2,12,2
1454,4,2,97,3
1455,10,3,57,3
1456,3,1,28,4
1457,6,3,51,5
1458,7,3,73,4
1459,5,3,84,2
1460,2,3,58,3
1461,2,3,78,1
1462,3,1,82,3
1463,4,1,41,4
1464,2,2,9,5
1465,10,2,35,2
1466,5,3,87,3
1467,10,3,63,5
1468,1,2,31,5
1469,1,1,41,4
1470,1,1,41,3
1471,5,2,41,4
1472,7,1,76,3
1473,1,2,84,2
1474,10,1,4,1
1475,2,2,69,4
1476,2,2,61,3
1477,7,3,88,1
1478,2,2,83,2
1479,5,2,44,1
1480,1,1,46,1
1481,1,2,67,3
1482,2,2,69,4
1483,4,2,8,3
1484,2,1,8,4
1485,4,3,82,3
1486,6,3,87,1
1487,10,1,35,4
1488,5,2,36,1
1489,10,3,32,5
1490,4,2,43,2
1491,7,1,7,1
1492,7,1,73,5
1493,2,1,33,3
1494,1,3,15,2
1495,3,1,100,5
1496,7,3,85,2
1497,10,3,22,5
1498,9,2,4,1
1499,8,2,78,2
1500,4,2,35,1
1501,1,2,31,4
1502,6,1,31,2
1503,4,1,34,3
1504,5,1,81,2
1505,6,1,11,2
1506,9,2,1,1
1507,3,1,61,5
1508,5,1,5,1
1509,3,2,78,5
1510,9,2,70,4
1511,2,2,94,4
1512,1,1,59,2
1513,6,2,24,2
1514,4,3,66,5
1515,6,2,98,1
1516,10,2,26,1
1517,7,2,6,4
1518,7,3,81,5
1519,4,1,14,3
1520,3,2,88,4
1521,1,3,35,2
1522,8,1,99,5
1523,10,1,1,4
1524,3,1,18,3
1525,4,2,97,4
1526,2,1,74,3
1527,5,3,76,3
1528,1,1,63,1
1529,3,1,15,3
1530,8,2,82,2
1531,3,3,15,5
1532,6,3,44,2
1533,1,2,12,3
1534,5,1,30,4
1535,1,3,62,3
1536,6,1,55,2
1537,9,1,39,5
1538,7,1,62,4
1539,8,3,23,3
1540,6,1,1,3
1541,7,3,81,4
1542,4,1,99,4
1543,4,3,67,5
1544,8,1,99,1
1545,10,2,35,2
1546,2,2,25,5
1547,3,1,60,5
1548,4,1,26,2
1549,6,3,13,5
1550,8,2,26,5
1551,8,2,91,4
1552,1,2,22,3
1553,1,2,78,1
1554,1,1,77,4
1555,8,1,45,3
1556,7,3,47,4
1557,6,2,92,3
1558,7,3,73,4
1559,4,2,1,1
1560,2,1,77,5
1561,8,2,94,3
1562,5,3,75,1
1563,6,3,2,2
1564,2,3,66,5
1565,3,1,13,5
1566,4,3,57,1
1567,7,1,13,3
1568,4,3,31,2
1569,7,1,55,2
1570,2,1,47,4
1571,9,1,1,3
1572,7,1,44,4
1573,3,1,20,5
1574,10,3,29,5
1575,4,2,14,3
1576,1,3,97,5
1577,7,3,37,1
1578,10,3,97,1
1579,7,3,28,3
1580,9,1,5,1
1581,5,2,74,4
1582,6,1,24,1
1583,9,1,86,1
1584,4,1,30,2
1585,10,2,65,5
1586,8,3,16,2
1587,10,1,51,2
1588,2,1,9,3
1589,1,1,19,5
1590,3,3,10,3
1591,10,3,38,2
1592,4,3,75,3
1593,9,1,94,4
1594,1,3,84,1
1595,2,3,83,4
1596,4,2,10,2
1597,5,3,11,4
1598,10,3,23,4
1599,10,3,19,3
1600,10,3,86,5
1601,5,3,63,3
1602,7,3,72,2
1603,1,1,18,1
1604,10,1,31,4
1605,2,3,2,1
1606,2,2,9,1
1607,4,1,46,5
1608,10,1,40,1
1609,5,3,86,5
1610,10,3,28,1
1611,2,3,91,1
1612,1,2,55,4
1613,8,3,52,3
1614,4,1,86,4
1615,6,3,86,3
1616,8,2,68,5
1617,1,3,22,5
1618,5,2,94,1
1619,1,1,57,3
1620,5,2,96,4
1621,6,1,80,4
1622,7,3,96,2
1623,10,2,84,3
1624,7,3,85,1
1625,6,1,77,2
1626,9,3,82,4
1627,8,3,2,2
1628,1,1,18,5
1629,4,1,95,4
1630,7,3,27,4
1631,3,3,29,2
1632,3,1,26,2
1633,9,2,31,3
1634,7,1,24,5
1635,3,2,99,2
1636,1,2,25,4
1637,4,3,5,5
1638,2,3,51,2
1639,4,2,51,1
1640,5,2,34,4
1641,4,1,37,4
1642,9,3,14,5
1643,8,1,46,1
1644,7,1,18,5
1645,3,1,55,3
1646,8,2,88,5
1647,1,2,25,4
1648,4,1,53,5
1649,3,1,100,4
1650,2,2,47,2
1651,6,2,91,4
1652,7,2,3,3
1653,7,3,78,1
1654,6,3,30,2
1655,4,1,1,2
1656,7,3,2,5
1657,7,1,1,2
1658,1,2,61,5
1659,5,1,94,5
1660,10,3,99,3
1661,4,2,14,5
1662,6,2,61,2
1663,8,3,69,3
1664,9,2,2,4
1665,6,3,51,4
1666,9,3,38,4
1667,10,3,22,3
1668,9,2,58,5
1669,7,1,99,2
1670,1,3,9,4
1671,6,1,68,3
1672,9,3,19,3
1673,3,2,71,5
1674,9,2,69,5
1675,4,3,54,3
1676,4,1,4,4
1677,10,1,21,5
1678,2,3,16,4
1679,8,1,97,2
1680,5,2,52,1
1681,9,2,13,1
1682,8,2,30,4
1683,6,3,55,4
1684,9,1,93,1
1685,8,3,84,5
1686,8,1,65,4
1687,8,2,79,1
1688,7,2,7,1
1689,5,2,17,3
1690,8,1,72,1
1691,8,2,7,2
1692,1,3,45,2
1693,9,2,74,1
1694,6,2,47,2
1695,3,3,8,2
1696,1,3,18,2
1697,8,3,81,5
1698,9,3,25,1
1699,9,3,30,2
1700,10,3,7,5
1701,1,1,94,5
1702,10,3,21,1
1703,6,1,83,5
1704,9,2,26,1
1705,1,1,12,4
1706,10,3,5,3
1707,9,1,31,5
1708,4,2,91,2
1709,2,2,90,3
1710,7,3,86,5
1711,2,3,35,2
1712,1,1,7,4
1713,2,1,63,2
1714,1,3,100,2
1715,2,1,81,1
1716,8,2,64,5
1717,7,2,68,1
1718,2,2,17,4
1719,9,2,44,5
1720,7,1,74,3
1721,3,1,47,5
1722,9,3,12,3
1723,7,2,68,3
1724,2,1,59,3
1725,10,2,3,4
1726,8,2,55,2
1727,9,3,77,2
1728,2,3,99,5
1729,10,1,57,2
1730,1,1,77,1
1731,9,1,49,1
1732,4,2,54,3
1733,6,1,70,5
1734,10,1,95,2
1735,2,3,34,2
1736,10,2,73,3
1737,2,1,87,2
1738,3,2,35,3
1739,9,3,13,2
1740,4,1,88,3
1741,6,2,6,5
1742,4,1,99,4
1743,4,3,96,2
1744,5,3,60,1
1745,10,2,87,3
1746,5,3,3,4
1747,4,3,43,3
1748,8,2,85,1
1749,4,1,8,5
1750,3,1,28,3
1751,9,3,41,5
1752,6,2,76,3
1753,8,3,40,5
1754,4,3,18,4
1755,6,1,39,4
1756,8,2,21,1
1757,3,1,27,3
1758,8,2,25,5
1759,7,2,39,3
1760,2,3,67,1
1761,7,1,86,5
1762,7,1,92,2
1763,8,2,47,4
1764,9,1,5,2
1765,2,2,35,5
1766,4,3,59,3
1767,5,3,83,5
1768,2,2,23,1
1769,1,3,58,3
1770,9,2,9,3
1771,8,2,44,2
1772,3,1,10,4
1773,8,1,9,3
1774,9,3,35,1
1775,6,1,69,4
1776,8,2,2,3
1777,6,2,45,4
1778,2,3,45,2
1779,3,3,5,4
1780,9,3,99,4
1781,10,2,17,2
1782,3,1,26,3
1783,4,1,29,5
1784,9,2,25,3
1785,9,2,5,4
1786,7,2,23,1
1787,10,3,40,1
1788,2,3,37,1
1789,2,1,70,4
1790,5,1,43,3
1791,2,3,27,1
1792,3,1,68,1
1793,6,2,95,2
1794,10,2,18,4
1795,7,2,96,3
1796,2,1,100,3
1797,5,3,83,1
1798,5,3,68,2
1799,9,2,15,4
1800,8,3,67,1
1801,5,3,48,5
1802,2,3,89,1
1803,2,1,94,3
1804,2,1,77,3
1805,1,3,96,3
1806,3,3,48,4
1807,6,2,76,5
1808,8,2,33,4
1809,2,2,45,4
1810,3,2,29,3
1811,4,3,97,4
1812,6,3,67,4
1813,10,1,53,2
1814,7,2,31,4
1815,3,2,67,4
1816,2,3,63,2
1817,5,2,9,4
1818,10,3,94,2
1819,4,3,66,5
1820,5,3,43,4
1821,3,3,40,2
1822,8,1,75,3
1823,10,1,11,5
1824,9,3,73,4
1825,10,2,100,3
1826,4,3,2,5
1827,8,1,45,1
1828,10,3,61,2
1829,2,1,77,2
1830,3,2,79,5
1831,6,3,3,2
1832,7,1,46,3
1833,6,2,23,1
1834,7,3,52,3
1835,5,2,16,4
1836,2,1,10,3
1837,1,1,15,1
1838,5,2,81,4
1839,4,2,98,4
1840,8,1,58,2
1841,4,3,39,3
1842,3,3,32,4
1843,10,1,3,1
1844,10,1,41,4
1845,3,1,55,2
1846,10,1,40,5
1847,6,3,69,1
1848,3,2,6,3
1849,4,2,43,4
1850,3,2,11,2
1851,10,1,51,5
1852,1,2,86,1
1853,4,3,86,1
1854,9,3,5,2
1855,2,1,17,2
1856,10,2,82,1
1857,10,3,21,3
1858,2,1,92,5
1859,9,1,38,1
1860,7,3,10,4
1861,5,2,29,5
1862,2,1,32,3
1863,1,1,91,3
1864,7,2,87,3
1865,5,3,52,5
1866,6,3,6,2
1867,5,3,19,2
1868,8,1,26,1
1869,4,2,71,5
1870,2,1,94,2
1871,6,3,1,4
1872,6,1,90,3
1873,6,1,52,4
1874,5,3,21,3
1875,9,1,28,3
1876,2,2,1,3
1877,3,1,89,4
1878,3,2,20,3
1879,9,2,56,1
1880,5,2,85,3
1881,7,2,5,2
1882,1,1,72,3
1883,4,1,65,3
1884,8,2,1,2
1885,4,2,95,2
1886,8,2,63,1
1887,6,2,89,3
1888,5,2,25,1
1889,2,3,68,3
1890,1,3,78,3
1891,3,2,61,2
1892,3,2,90,4
1893,3,2,94,4
1894,1,1,37,3
1895,3,1,28,2
1896,7,3,44,3
1897,7,3,13,1
1898,8,1,5,5
1899,7,3,28,4
1900,8,3,44,2
1901,3,3,71,4
1902,7,3,75,4
1903,9,1,69,4
1904,6,2,32,2
1905,1,1,60,5
1906,1,1,53,1
1907,9,3,57,2
1908,5,3,53,3
1909,8,3,55,2
1910,9,3,79,2
1911,4,3,90,1
1912,8,2,77,5
1913,1,1,49,4
1914,5,1,55,5
1915,1,3,25,2
1916,3,2,97,4
1917,6,2,49,2
1918,9,3,43,2
1919,1,3,68,1
1920,9,2,44,4
1921,8,3,82,5
1922,3,3,89,5
1923,2,2,57,5
1924,2,2,56,2
1925,5,1,91,4
1926,5,1,38,3
1927,7,3,78,5
1928,5,1,34,2
1929,5,2,45,1
1930,1,1,76,5
1931,9,1,23,5
1932,9,3,21,1
1933,4,1,69,2
1934,7,2,7,2
1935,1,2,80,1
1936,4,3,12,1
1937,9,2,16,5
1938,1,3,63,4
1939,1,3,62,5
1940,2,3,17,5
1941,9,1,92,2
1942,9,2,80,4
1943,3,2,70,1
1944,8,1,98,3
1945,6,3,48,2
1946,3,1,44,1
1947,1,2,97,2
1948,2,3,52,4
1949,5,2,72,1
1950,2,2,63,4
1951,8,2,1,2
1952,5,3,55,4
1953,3,1,32,3
1954,7,3,3,1
1955,6,3,84,3
1956,9,1,88,5
1957,7,1,57,2
1958,10,1,85,2
1959,2,3,31,2
1960,8,3,30,2
1961,7,1,87,2
1962,3,1,83,3
1963,8,2,29,3
1964,5,3,54,5
1965,4,2,19,1
1966,6,3,5,5
1967,6,2,60,5
1968,9,3,75,4
1969,5,1,26,4
1970,5,3,31,4
1971,4,2,83,5
1972,10,2,57,2
1973,5,3,10,1
1974,4,1,32,5
1975,5,1,71,3
1976,8,2,1,1
1977,10,3,73,2
1978,9,1,53,1
1979,1,3,5,3
1980,1,3,73,2
1981,9,2,74,4
1982,6,3,77,5
1983,2,1,37,1
1984,7,3,39,2
1985,6,2,97,4
1986,8,3,61,4
1987,7,1,2,1
1988,7,3,48,5
1989,4,2,20,1
1990,7,2,45,1
1991,2,3,83,3
1992,10,3,47,1
1993,7,3,67,3
1994,4,2,25,2
1995,3,3,5,4
1996,10,1,96,2
1997,9,2,41,5
1998,10,3,30,1
1999,4,1,64,1
2000,9,1,5,4
2001,2,2,34,2
2002,10,1,66,5
2003,4,3,18,1
2004,9,3,19,1
2005,10,2,66,1
2006,8,3,79,2
2007,7,3,12,3
2008,7,2,96,1
2009,9,2,86,2
2010,2,3,61,3
2011,1,3,20,1
2012,9,2,69,2
2013,9,1,17,2
2014,7,1,16,5
2015,5,2,22,2
2016,2,2,21,2
2017,2,3,24,4
2018,1,1,33,4
2019,4,3,15,3
2020,1,3,31,4
2021,9,3,9,5
2022,4,3,63,1
2023,1,3,6,2
2024,4,2,24,2
2025,10,1,66,5
2026,1,3,45,5
2027,7,2,50,1
2028,6,3,6,1
2029,6,1,61,3
2030,8,3,19,3
2031,2,1,47,5
2032,7,1,18,2
2033,2,1,69,5
2034,5,1,19,1
2035,7,1,27,4
2036,2,1,59,5
2037,7,1,28,5
2038,2,2,61,5
2039,8,2,87,1
2040,9,1,8,2
2041,5,3,85,4
2042,8,2,37,4
2043,5,1,87,5
2044,1,1,33,3
2045,5,3,88,2
2046,1,3,54,1
2047,4,3,88,5
2048,8,3,44,3
2049,3,1,48,4
2050,9,2,57,5
2051,5,2,15,3
2052,2,2,61,5
2053,10,1,31,1
2054,7,1,94,3
2055,3,1,18,4
2056,4,1,54,2
2057,9,2,82,4
2058,10,3,25,2
2059,2,2,1,3
2060,1,2,96,5
2061,2,2,77,1
2062,1,1,71,3
2063,6,3,51,1
2064,4,2,84,4
2065,2,3,23,5
2066,8,3,1,4
2067,10,1,55,3
2068,5,2,67,4
2069,7,3,19,2
2070,6,1,72,1
2071,3,2,80,2
2072,10,1,27,4
2073,9,2,42,4
2074,2,1,20,4
2075,4,3,24,3
2076,7,1,23,4
2077,8,2,31,1
2078,8,3,21,2
2079,9,3,8,5
2080,3,3,14,2
2081,4,3,42,3
2082,1,2,63,3
2083,9,2,61,3
2084,9,2,1,1
2085,3,2,46,3
2086,5,1,12,2
2087,2,1,56,4
2088,6,1,68,1
2089,5,1,91,3
2090,8,2,54,2
2091,2,3,85,3
2092,9,2,65,4
2093,8,1,24,3
2094,10,2,35,1
2095,3,1,52,2
2096,5,2,54,5
2097,4,3,79,1
2098,9,2,60,2
2099,2,3,55,5
2100,8,1,54,3
2101,6,3,35,4
2102,1,2,64,4
2103,1,1,10,2
2104,7,1,6,4
2105,1,3,60,2
2106,2,3,10,4
2107,5,3,13,4
2108,2,3,58,3
2109,10,2,61,3
2110,5,2,1,1
2111,10,3,1,5
2112,9,3,41,1
2113,9,1,50,2
2114,5,1,16,4
2115,3,2,86,1
2116,5,1,33,4
2117,4,1,6,4
2118,6,1,81,3
2119,10,2,57,1
2120,1,1,37,2
2121,3,2,38,1
2122,8,3,51,2
2123,8,2,76,3
2124,8,2,51,1
2125,10,3,55,3
2126,2,3,3,1
2127,1,2,68,5
2128,5,2,100,4
2129,7,2,45,3
2130,3,3,50,4
2131,9,1,8,1
2132,9,2,13,3
2133,9,2,65,4
2134,1,2,25,5
2135,7,2,49,5
2136,3,1,13,3
2137,9,2,98,1
2138,7,1,99,4
2139,4,3,91,4
2140,1,2,75,1
2141,5,1,84,4
2142,10,3,19,5
2143,10,3,84,2
2144,4,2,44,2
2145,5,1,73,2
2146,3,3,24,3
2147,9,3,48,1
2148,4,2,81,5
2149,7,3,67,4
2150,3,3,93,5
2151,8,1,89,5
2152,9,1,79,3
2153,3,3,18,3
2154,1,1,34,1
2155,4,3,23,4
2156,6,3,16,3
2157,3,2,44,1
2158,4,3,61,4
2159,4,3,47,1
2160,8,3,86,3
2161,10,3,12,1
2162,5,2,71,1
2163,7,1,75,5
2164,2,3,6,4
2165,3,3,57,4
2166,8,3,95,4
2167,6,1,63,3
2168,7,2,35,3
2169,8,3,69,4
2170,2,1,23,5
2171,4,1,56,3
2172,4,1,85,2
2173,9,1,81,5
2174,4,3,15,4
2175,3,3,6,5
2176,3,3,95,3
2177,10,1,7,4
2178,8,3,92,1
2179,1,2,19,4
2180,2,1,18,3
2181,6,2,29,5
2182,4,3,31,2
2183,5,3,24,5
2184,5,3,56,2
2185,5,3,10,3
2186,2,2,27,1
2187,2,3,20,1
2188,2,3,8,2
2189,1,3,92,5
2190,6,2,24,3
2191,6,1,34,3
2192,10,1,56,3
2193,3,3,62,5
2194,7,2,9,4
2195,8,2,49,1
2196,6,2,58,5
2197,6,2,39,3
2198,6,1,28,5
2199,9,3,84,1
2200,1,3,91,4
2201,2,3,77,1
2202,6,1,98,4
2203,1,1,3,3
2204,2,2,79,5
2205,6,3,24,4
2206,7,1,34,5
2207,5,1,39,3
2208,2,1,28,5
2209,1,1,36,3
2210,2,3,93,1
2211,6,1,28,1
2212,9,2,31,4
2213,10,3,42,2
2214,1,1,59,4
2215,2,2,50,4
2216,4,1,95,5
2217,7,1,57,3
2218,9,1,80,3
2219,7,1,16,4
2220,1,3,70,5
2221,8,1,44,5
2222,7,3,11,3
2223,7,2,88,4
2224,10,2,79,1
2225,1,2,49,1
2226,10,2,35,5
2227,1,2,54,2
2228,4,2,8,5
2229,5,3,39,4
2230,1,3,37,4
2231,9,2,70,4
2232,7,2,83,4
2233,5,1,40,3
2234,9,2,26,4
2235,1,3,77,3
2236,8,3,85,5
2237,6,2,49,2
2238,2,2,26,4
2239,3,2,36,1
2240,3,2,39,4
2241,7,3,82,2
2242,9,1,47,2
2243,7,1,12,2
2244,2,2,80,1
2245,8,2,60,5
2246,10,1,93,5
2247,7,3,34,5
2248,5,1,91,2
2249,3,2,73,2
2250,9,1,24,5
2251,4,1,68,3
2252,1,3,19,1
2253,2,1,83,2
2254,7,3,28,3
2255,7,2,92,2
2256,10,2,76,1
2257,8,1,47,2
2258,1,3,63,5
2259,2,1,54,2
2260,3,2,41,3
2261,2,1,33,1
2262,3,3,36,2
2263,3,3,47,5
2264,10,3,100,4
2265,9,1,48,5
2266,2,3,59,1
2267,1,3,32,5
2268,7,3,83,1
2269,10,2,82,4
2270,5,1,22,2
2271,9,3,58,3
2272,10,3,87,3
2273,3,2,50,4
2274,4,1,13,3
2275,4,2,23,4
2276,4,1,38,4
2277,7,1,53,3
2278,7,3,16,2
2279,7,1,88,2
2280,3,3,100,4
2281,8,1,48,5
2282,4,1,49,3
2283,2,1,39,3
2284,3,3,89,2
2285,1,3,5,3
2286,9,2,77,3
2287,10,2,50,3
2288,4,3,50,1
2289,1,3,99,2
2290,8,1,39,1
2291,2,1,11,1
2292,6,1,4,5
2293,9,1,43,5
2294,5,1,62,5
2295,7,1,2,5
2296,6,3,30,2
2297,6,1,35,4
2298,3,2,20,2
2299,4,1,84,4
2300,4,2,7,3
2301,4,2,52,2
2302,8,3,49,4
2303,9,2,48,3
2304,9,2,85,4
2305,3,3,26,1
2306,6,1,27,2
2307,4,1,72,5
2308,6,2,68,3
2309,6,1,23,1
2310,7,2,39,2
2311,10,3,67,5
2312,1,2,62,4
2313,1,1,95,2
2314,6,2,70,1
2315,1,1,19,4
2316,5,3,96,3
2317,7,3,23,3
2318,3,3,90,5
2319,9,1,85,3
2320,3,1,81,5
2321,9,1,72,1
2322,9,3,14,3
2323,6,2,19,4
2324,3,3,95,5
2325,6,2,1,2
2326,2,2,69,2
2327,1,2,45,1
2328,5,3,31,1
2329,8,3,8,1
2330,3,3,35,5
2331,10,2,89,2
2332,4,2,43,5
2333,6,1,16,4
2334,7,2,85,1
2335,1,3,28,3
2336,1,3,78,3
2337,4,2,33,4
2338,7,1,23,5
2339,10,1,64,1
2340,2,1,61,3
2341,10,3,79,2
2342,2,3,85,2
2343,7,1,84,3
2344,5,3,25,2
2345,1,2,36,5
2346,10,3,20,4
2347,4,1,89,2
2348,6,1,68,5
2349,8,2,72,3
2350,10,3,90,2
2351,10,1,47,3
2352,5,2,75,3
2353,3,2,30,5
2354,7,2,52,1
2355,7,2,94,3
2356,8,3,97,1
2357,4,2,55,5
2358,9,2,18,5
2359,6,2,53,5
2360,9,1,2,4
2361,8,3,73,3
2362,10,3,51,3
2363,4,1,8,4
2364,7,1,95,4
2365,5,1,10,4
2366,8,1,89,3
2367,5,3,54,5
2368,8,3,96,1
2369,8,2,31,1
2370,4,3,89,2
2371,6,3,57,5
2372,6,2,29,1
2373,2,1,16,5
2374,10,2,95,3
2375,2,1,54,3
2376,8,3,38,2
2377,6,1,93,5
2378,3,1,34,3
2379,9,2,35,2
2380,7,2,88,5
2381,1,1,7,4
2382,5,3,33,4
2383,7,1,55,5
2384,9,1,45,4
2385,5,2,5,2
2386,9,3,9,5
2387,10,3,1,1
2388,4,1,14,1
2389,4,1,2,1
2390,1,3,41,5
2391,3,2,57,3
2392,1,3,65,3
2393,3,2,50,2
2394,2,3,7,1
2395,8,3,10,4
2396,4,3,99,1
2397,5,2,100,4
2398,10,1,74,4
2399,3,1,84,2
2400,4,1,33,1
2401,7,1,15,1
2402,5,1,79,2
2403,9,2,3,3
2404,5,1,27,5
2405,4,1,99,5
2406,3,2,3,3
2407,7,1,94,2
2408,5,2,32,2
2409,7,3,42,4
2410,3,2,10,5
2411,9,2,33,2
2412,1,2,89,5
2413,7,1,22,3
2414,8,3,32,2
2415,4,3,9,2
2416,7,3,24,2
2417,1,2,36,5
2418,2,3,66,5
2419,10,2,32,5
2420,7,3,3,5
2421,5,1,31,5
2422,5,3,63,5
2423,1,1,48,3
2424,7,3,96,2
2425,10,2,85,2
2426,4,2,80,1
2427,5,2,79,1
2428,5,3,32,1
2429,10,1,41,5
2430,2,2,26,5
2431,4,3,11,4
2432,3,3,31,5
2433,6,2,21,2
2434,4,3,73,2
2435,9,1,7,1
2436,1,3,22,1
2437,10,2,81,4
2438,5,1,55,1
2439,6,1,67,2
2440,1,3,56,3
2441,3,3,12,1
2442,9,1,62,4
2443,7,1,69,2
2444,6,3,88,5
2445,10,3,79,4
2446,7,3,77,3
2447,1,1,32,4
2448,9,1,7,3
2449,3,3,9,2
2450,2,1,61,5
2451,2,3,62,5
2452,4,3,45,2
2453,4,2,23,3
2454,8,2,52,2
2455,6,3,62,1
2456,2,2,88,3
2457,5,1,67,1
2458,3,2,72,2
2459,5,2,8,4
2460,1,2,79,1
2461,9,2,17,2
2462,7,3,94,1
2463,7,2,38,2
2464,1,3,93,3
2465,7,1,65,5
2466,5,2,68,1
2467,2,2,20,2
2468,5,3,17,2
2469,9,3,57,5
2470,8,2,37,4
2471,7,2,65,1
2472,4,1,79,5
2473,8,1,40,5
2474,1,3,97,1
2475,2,1,80,2
2476,9,3,35,2
2477,10,2,44,3
2478,1,3,1,2
2479,1,1,83,5
2480,10,3,80,5
2481,5,2,91,4
2482,5,2,26,1
2483,5,2,91,5
2484,9,1,42,2
2485,10,1,25,5
2486,1,1,87,3
2487,10,1,29,3
2488,1,2,21,5
2489,6,1,28,3
2490,7,3,87,1
2491,7,1,75,5
2492,4,1,68,2
2493,6,3,46,1
2494,9,3,79,4
2495,1,1,25,5
2496,1,3,56,3
2497,1,2,5,4
2498,2,2,100,4
2499,2,2,52,1
2500,3,3,38,1
2501,7,2,23,4
2502,8,3,95,4
2503,3,1,20,2
2504,7,1,34,3
2505,7,3,4,3
2506,5,2,94,1
2507,8,3,99,4
2508,3,1,17,5
2509,6,2,13,4
2510,2,1,3,1
2511,10,2,42,1
2512,9,1,11,4
2513,8,3,70,2
2514,9,3,77,5
2515,3,1,7,3
2516,7,3,76,1
2517,2,3,54,3
2518,8,3,34,2
2519,9,3,63,3
2520,3,2,1,4
2521,8,1,40,1
2522,6,3,97,5
2523,1,1,24,5
2524,7,1,73,2
2525,6,1,41,1
2526,6,3,26,5
2527,4,2,74,4
2528,1,2,2,4
2529,5,2,51,4
2530,7,3,15,2
2531,7,3,53,5
2532,8,3,60,2
2533,1,3,41,1
2534,4,1,100,2
2535,6,1,60,3
2536,7,2,31,2
2537,9,3,40,5
2538,1,1,17,4
2539,10,2,77,4
2540,1,1,5,4
2541,1,3,59,5
2542,10,2,56,4
2543,3,1,2,3
2544,3,3,17,4
2545,9,3,31,1
2546,9,2,90,1
2547,6,3,53,3
2548,7,3,35,1
2549,3,1,29,5
2550,1,3,49,5
2551,3,3,1,5
2552,7,3,37,3
2553,10,2,93,5
2554,10,1,44,2
2555,2,1,25,5
2556,3,1,3,1
2557,3,2,94,1
2558,3,1,83,3
2559,7,2,24,2
2560,2,1,33,1
2561,10,1,88,3
2562,2,2,40,2
2563,8,2,94,2
2564,5,2,89,3
2565,8,1,5,2
2566,9,3,88,2
2567,6,2,33,5
2568,10,1,50,2
2569,7,3,64,4
2570,1,2,24,3
2571,6,1,47,2
2572,3,1,45,1
2573,5,1,34,4
2574,9,3,78,5
2575,7,1,98,1
2576,4,1,40,1
2577,2,1,33,3
2578,9,2,45,5
2579,1,3,100,4
2580,8,3,75,5
2581,7,2,14,1
2582,7,2,62,3
2583,7,2,27,2
2584,2,3,5,2
2585,4,3,27,5
2586,1,3,13,5
2587,1,2,69,5
2588,7,1,74,4
2589,10,1,10,5
2590,8,3,26,4
2591,1,2,42,3
2592,5,3,45,5
2593,8,2,19,2
2594,5,3,49,5
2595,9,2,41,1
2596,5,3,42,5
2597,9,2,56,5
2598,8,1,4,4
2599,4,2,32,5
2600,6,3,97,2
2601,9,1,8,1
2602,3,2,77,3
2603,2,3,94,1
2604,7,1,98,3
2605,1,2,91,2
2606,1,3,28,1
2607,1,2,26,4
2608,7,1,100,5
2609,7,2,36,1
2610,4,3,100,4
2611,2,3,2,3
2612,6,1,44,5
2613,1,1,37,5
2614,6,1,20,2
2615,1,1,81,2
2616,2,3,34,4
2617,4,1,80,1
2618,5,3,54,2
2619,9,3,73,4
2620,6,3,37,2
2621,3,3,11,2
2622,3,3,49,1
2623,5,3,32,4
2624,5,2,31,5
2625,3,1,60,5
2626,10,3,34,2
2627,10,1,56,5
2628,4,3,54,4
2629,6,3,41,4
2630,2,3,16,5
2631,5,2,70,1
2632,1,1,28,5
2633,10,1,74,5
2634,7,2,68,4
2635,6,3,4,3
2636,4,1,70,5
2637,7,1,61,5
2638,8,1,86,2
2639,3,2,12,1
2640,3,1,85,3
2641,4,2,82,4
2642,4,1,65,5
2643,10,3,7,3
2644,7,3,13,3
2645,10,2,89,4
2646,2,2,27,3
2647,6,3,60,1
2648,4,1,14,1
2649,7,1,93,1
2650,8,2,23,1
2651,4,2,50,5
2652,2,2,18,1
2653,9,2,46,3
2654,5,2,95,2
2655,4,2,60,1
2656,7,1,48,4
2657,6,1,76,1
2658,9,1,93,1
2659,8,3,92,5
2660,2,1,32,3
2661,7,2,73,2
2662,2,1,69,2
2663,8,3,47,3
2664,8,1,63,5
2665,6,2,39,2
2666,1,2,62,3
2667,4,3,27,5
2668,1,3,66,1
2669,10,1,49,1
2670,1,2,59,4
2671,7,2,13,2
2672,1,1,67,5
2673,6,2,43,2
2674,9,1,87,5
2675,9,3,13,4
2676,5,1,20,5
2677,2,1,35,3
2678,1,3,27,2
2679,2,3,57,3
2680,8,2,24,5
2681,10,2,83,5
2682,8,2,56,2
2683,2,1,90,2
2684,1,2,13,2
2685,10,3,11,1
2686,10,3,21,1
2687,3,3,22,3
2688,1,3,24,5
2689,10,3,77,3
2690,7,3,16,4
2691,5,2,36,4
2692,7,1,61,5
2693,10,2,74,5
2694,9,1,87,4
2695,2,3,99,5
2696,6,1,13,5
2697,5,3,16,1
2698,1,3,50,5
2699,5,1,47,5
2700,10,3,65,2
2701,10,1,69,5
2702,1,2,52,3
2703,6,1,90,4
2704,10,3,93,2
2705,7,1,23,1
2706,5,1,46,1
2707,1,2,41,4
2708,2,1,100,1
2709,10,3,9,4
2710,8,1,50,5
2711,5,1,97,1
2712,10,1,36,4
2713,6,3,17,3
2714,6,1,23,4
2715,3,2,87,1
2716,10,2,44,3
2717,8,2,43,2
2718,5,2,7,5
2719,6,1,59,5
2720,5,2,77,4
2721,10,1,36,4
2722,7,1,15,5
2723,2,3,7,2
2724,8,2,1,2
2725,4,3,17,1
2726,1,3,13,3
2727,6,2,10,5
2728,5,2,55,5
2729,4,3,44,3
2730,8,1,31,3
2731,8,3,38,5
2732,8,3,49,3
2733,4,3,93,4
2734,7,2,25,5
2735,7,3,96,1
2736,2,2,97,4
2737,9,3,83,4
2738,7,3,93,2
2739,9,2,42,5
2740,8,3,54,1
2741,10,2,42,2
2742,7,1,84,5
2743,9,1,100,1
2744,3,1,54,3
2745,5,3,45,1
2746,5,1,55,2
2747,4,1,16,3
2748,5,1,40,2
2749,1,1,90,5
2750,1,1,40,4
2751,5,3,45,4
2752,4,1,17,5
2753,10,2,36,2
2754,7,1,18,3
2755,5,2,99,1
2756,3,1,62,2
2757,5,2,7,2
2758,8,2,49,3
2759,8,1,97,2
2760,2,2,16,4
2761,3,2,39,3
2762,8,2,50,3
2763,6,3,45,4
2764,3,3,4,2
2765,6,2,98,5
2766,9,3,48,1
2767,2,1,66,4
2768,6,1,94,2
2769,10,3,35,5
2770,6,2,76,3
2771,9,2,52,1
2772,3,1,69,4
2773,2,2,71,1
2774,4,3,69,3
2775,2,2,67,1
2776,7,2,52,2
2777,10,1,45,4
2778,8,2,47,2
2779,5,2,14,4
2780,6,2,11,2
2781,3,2,15,1
2782,7,2,20,2
2783,8,3,52,4
2784,5,2,14,3
2785,6,1,74,3
2786,9,2,31,2
2787,1,2,82,3
2788,5,1,47,5
2789,2,1,56,5
2790,9,2,46,2
2791,6,1,84,3
2792,6,1,84,5
2793,9,2,96,1
2794,9,2,67,4
2795,8,3,42,4
2796,8,2,33,3
2797,1,2,54,5
2798,8,2,26,1
2799,5,3,69,3
2800,8,3,80,5
2801,9,3,21,2
2802,5,1,55,5
2803,10,3,15,1
2804,3,2,46,2
2805,1,1,30,1
2806,2,2,75,5
2807,2,1,38,1
2808,6,1,30,4
2809,4,3,91,1
2810,10,3,37,4
2811,9,1,20,4
2812,6,3,99,1
2813,5,2,42,3
2814,3,1,88,4
2815,8,1,92,1
2816,7,1,7,2
2817,4,2,74,2
2818,10,3,36,3
2819,3,2,62,5
2820,5,2,69,2
2821,4,3,13,3
2822,10,2,89,2
2823,10,3,91,2
2824,10,1,35,3
2825,6,3,100,2
2826,3,2,18,1
2827,6,2,13,3
2828,9,3,16,5
2829,8,1,90,5
2830,4,3,81,3
2831,1,3,5,5
2832,3,1,79,2
2833,6,2,87,5
2834,8,3,97,5
2835,8,3,12,3
2836,10,1,21,1
2837,5,2,64,5
2838,8,2,53,1
2839,6,1,59,4
2840,7,1,73,3
2841,3,2,8,1
2842,9,1,63,2
2843,9,3,48,5
2844,10,2,36,3
2845,7,1,69,3
2846,3,2,89,4
2847,7,3,73,1
2848,2,1,61,1
2849,3,1,37,1
2850,6,3,11,1
2851,2,2,75,1
2852,8,2,13,3
2853,3,1,50,5
2854,9,2,100,1
2855,1,3,74,2
2856,2,2,59,5
2857,2,1,65,5
2858,2,2,36,5
2859,1,3,64,4
2860,4,3,75,4
2861,7,3,15,1
2862,5,2,48,2
2863,10,1,2,4
2864,10,2,61,5
2865,2,2,41,2
2866,8,2,71,3
2867,4,1,29,3
2868,4,2,1,4
2869,3,1,24,1
2870,5,3,23,1
2871,2,1,71,4
2872,10,1,12,3
2873,1,1,17,2
2874,1,1,37,2
2875,4,2,51,2
2876,8,1,5,4
2877,10,1,21,5
2878,2,2,43,2
2879,5,2,79,1
2880,9,3,96,5
2881,9,2,68,4
2882,10,3,60,2
2883,3,3,37,1
2884,9,3,35,4
2885,1,3,71,4
2886,3,3,51,1
2887,5,3,3,3
2888,2,3,53,4
2889,8,1,42,3
2890,3,1,52,2
2891,10,3,69,2
2892,10,2,92,2
2893,9,2,17,1
2894,1,2,52,5
2895,6,2,78,3
2896,5,3,63,4
2897,9,1,10,2
2898,7,1,51,4
2899,2,2,26,4
2900,6,1,63,4
2901,9,1,32,2
2902,5,3,7,5
2903,9,1,53,5
2904,4,2,1,1
2905,9,1,97,3
2906,3,1,62,4
2907,10,2,23,2
2908,2,1,56,5
2909,5,3,12,2
2910,9,3,58,4
2911,8,2,65,4
2912,3,3,3,1
2913,9,2,51,5
2914,7,3,22,3
2915,7,3,69,4
2916,10,1,63,2
2917,7,3,74,1
2918,10,3,22,5
2919,2,1,52,3
2920,8,2,72,2
2921,8,1,62,3
2922,1,1,99,2
2923,5,3,27,5
2924,5,3,82,2
2925,5,2,88,2
2926,9,2,66,1
2927,9,2,45,4
2928,6,3,100,2
2929,8,2,30,5
2930,6,2,80,5
2931,8,1,77,1
2932,3,1,2,5
2933,7,2,19,4
2934,1,3,95,4
2935,5,2,82,2
2936,1,3,5,3
2937,6,3,80,1
2938,8,2,74,4
2939,10,1,3,2
2940,6,3,95,5
2941,1,1,7,2
2942,10,1,25,2
2943,9,2,13,2
2944,9,2,87,2
2945,9,3,38,4
2946,4,1,87,2
2947,2,3,25,4
2948,6,1,99,1
2949,4,2,34,2
2950,7,1,39,1
2951,3,2,64,3
2952,4,2,21,2
2953,7,1,40,2
2954,9,2,69,5
2955,5,2,30,3
2956,3,2,61,4
2957,10,2,79,4
2958,7,1,49,2
2959,1,1,64,3
2960,4,1,85,1
2961,3,1,89,1
2962,9,3,91,1
2963,6,1,66,2
2964,3,2,38,1
2965,4,2,51,2
2966,9,3,46,2
2967,9,1,56,5
2968,10,2,53,5
2969,5,3,54,3
2970,6,3,89,3
2971,9,1,59,3
2972,2,2,9,1
2973,6,3,89,4
2974,10,1,75,2
2975,7,2,42,4
2976,3,2,15,5
2977,4,1,8,3
2978,1,1,34,4
2979,7,3,16,4
2980,2,3,29,5
2981,9,2,56,4
2982,9,2,70,4
2983,4,3,58,5
2984,6,3,6,2
2985,10,1,30,2
2986,3,2,19,1
2987,6,3,30,2
2988,4,1,74,2
2989,8,1,12,3
2990,8,1,68,1
2991,3,3,32,1
2992,1,3,96,4
2993,2,2,71,5
2994,6,1,98,5
2995,3,1,30,4
2996,2,1,14,2
2997,1,2,48,5
2998,2,3,43,4
2999,7,1,59,4
3000,7,3,69,5
3001,5,3,13,5
3002,6,3,18,4
3003,8,1,43,4
3004,6,2,46,3
3005,4,3,54,3
3006,2,3,20,5
3007,3,3,57,3
3008,10,3,7,5
3009,7,3,75,4
3010,3,3,80,5
3011,10,2,48,5
3012,4,1,35,2
3013,6,2,25,2
3014,9,3,76,5
3015,5,1,54,1
3016,10,2,58,2
3017,5,1,88,3
3018,4,2,34,5
3019,9,1,96,5
3020,2,1,14,3
3021,7,2,46,2
3022,3,1,46,1
3023,10,3,11,1
3024,2,3,71,4
3025,7,1,16,2
3026,9,2,65,4
3027,9,3,70,5
3028,3,1,64,2
3029,6,2,66,2
3030,5,1,86,1
3031,2,3,90,5
3032,10,3,37,3
3033,4,2,79,3
3034,10,1,93,3
3035,6,2,51,5
3036,2,2,35,1
3037,3,3,96,5
3038,2,1,6,1
3039,8,2,65,3
3040,2,1,15,4
3041,3,2,99,4
3042,4,2,45,5
3043,5,1,56,4
3044,4,2,18,4
3045,6,2,13,2
3046,1,2,8,2
3047,9,3,59,4
3048,5,2,73,1
3049,1,3,61,2
3050,1,1,28,1
3051,1,1,61,5
3052,2,2,41,4
3053,2,2,39,1
3054,10,1,66,2
3055,8,2,22,1
3056,2,1,30,3
3057,6,3,13,5
3058,7,3,85,4
3059,4,3,52,2
3060,4,2,54,2
3061,10,2,79,1
3062,6,2,40,4
3063,5,3,55,4
3064,6,1,84,1
3065,6,1,54,2
3066,5,3,25,3
3067,3,1,85,1
3068,4,3,87,1
3069,5,1,51,5
3070,1,3,97,4
3071,9,2,80,4
3072,10,2,85,3
3073,3,1,2,5
3074,8,2,57,2
3075,6,1,72,3
3076,9,2,67,5
3077,4,2,8,1
3078,1,2,93,1
3079,7,2,9,2
3080,3,3,38,5
3081,7,3,92,1
3082,4,2,90,3
3083,9,3,92,4
3084,9,3,77,5
3085,6,3,52,4
3086,7,3,17,2
3087,9,2,41,3
3088,1,2,98,5
3089,5,1,55,3
3090,6,1,48,4
3091,5,2,66,1
3092,2,1,17,5
3093,8,2,11,1
3094,9,1,49,1
3095,8,3,59,1
3096,4,3,100,2
3097,10,2,59,2
3098,1,3,26,2
3099,2,3,54,5
3100,10,1,46,4
3101,7,3,81,1
3102,5,1,75,4
3103,1,1,78,2
3104,8,1,48,5
3105,2,2,87,4
3106,8,2,56,1
3107,8,2,4,5
3108,6,1,89,3
3109,5,3,6,3
3110,2,3,29,1
3111,3,1,88,1
3112,1,3,7,4
3113,1,2,92,4
3114,2,2,84,1
3115,2,2,67,1
3116,1,1,47,5
3117,8,3,50,5
3118,1,1,89,4
3119,8,2,8,1
3120,9,2,75,3
3121,7,1,88,2
3122,9,2,54,2
3123,2,1,16,4
3124,3,1,83,5
3125,3,3,27,2
3126,6,1,30,5
3127,4,2,38,3
3128,4,3,47,5
3129,9,1,93,3
3130,6,2,20,4
3131,6,2,23,4
3132,1,3,71,1
3133,10,3,59,4
3134,1,2,60,5
3135,3,2,42,5
3136,5,3,42,2
3137,5,3,74,4
3138,4,1,87,2
3139,10,2,8,5
3140,5,3,16,5
3141,7,1,100,5
3142,9,1,32,3
3143,4,2,31,1
3144,7,2,55,5
3145,9,2,18,4
3146,6,3,45,3
3147,7,1,62,1
3148,4,3,40,2
3149,4,1,16,4
3150,2,1,58,3
3151,2,1,26,5
3152,9,1,70,5
3153,4,1,47,2
3154,6,1,60,3
3155,10,3,81,1
3156,6,3,7,5
3157,5,1,63,2
3158,8,3,54,5
3159,4,2,50,4
3160,10,3,52,4
3161,2,1,62,3
3162,9,1,17,3
3163,9,2,37,1
3164,4,1,11,4
3165,2,2,40,1
3166,6,2,70,5
3167,9,1,85,2
3168,8,2,46,5
3169,6,3,92,4
3170,2,1,14,2
3171,4,3,47,5
3172,9,3,43,3
3173,10,1,73,4
3174,8,3,16,5
3175,5,2,42,3
3176,5,1,91,1
3177,8,2,79,5
3178,2,1,48,3
3179,3,1,71,4
3180,4,3,63,1
3181,8,2,6,3
3182,10,3,62,4
3183,8,2,33,2
3184,4,3,82,4
3185,3,3,7,5
3186,6,1,8,4
3187,10,2,72,3
3188,8,2,16,2
3189,4,1,48,4
3190,9,2,99,2
3191,1,3,71,3
3192,3,3,71,1
3193,2,2,92,1
3194,2,1,37,2
3195,4,1,90,5
3196,3,3,66,1
3197,9,2,30,2
3198,5,3,1,4
3199,3,3,61,5
3200,6,2,90,3
3201,3,3,99,3
3202,8,3,30,5
3203,2,3,44,1
3204,4,2,8,5
3205,4,2,56,5
3206,6,1,58,4
3207,2,3,39,1
3208,4,1,88,3
3209,6,2,15,3
3210,6,3,36,1
3211,1,2,97,2
3212,3,2,89,3
3213,3,3,10,2
3214,1,2,56,1
3215,10,2,6,4
3216,3,3,45,3
3217,4,2,96,5
3218,3,3,31,3
3219,10,2,29,5
3220,2,1,71,5
3221,8,3,65,2
3222,5,2,88,2
3223,4,1,28,2
3224,7,3,66,3
3225,5,1,83,1
3226,6,2,41,5
3227,7,2,10,3
3228,2,3,60,2
3229,9,2,96,5
3230,7,2,41,1
3231,2,1,34,3
3232,1,1,83,2
3233,9,1,21,2
3234,1,1,64,4
3235,6,1,74,3
3236,9,1,69,3
3237,3,3,61,2
3238,3,3,18,2
3239,2,2,34,4
3240,1,2,54,2
3241,3,1,7,5
3242,2,3,38,4
3243,10,2,47,5
3244,9,1,25,1
3245,2,1,48,4
3246,2,3,1,3
3247,7,1,47,4
3248,6,2,16,1
3249,6,2,72,5
3250,2,2,36,2
3251,10,1,69,4
3252,3,1,21,4
3253,9,3,4,1
3254,8,1,31,5
3255,1,3,25,1
3256,5,2,40,1
3257,10,2,100,3
3258,6,2,19,1
3259,9,1,4,3
3260,7,1,84,4
3261,8,3,9,5
3262,4,2,83,3
3263,9,3,22,1
3264,7,3,64,5
3265,6,2,30,1
3266,4,3,91,1
3267,1,1,66,4
3268,3,2,47,1
3269,4,1,75,1
3270,5,3,26,3
3271,10,1,50,5
3272,10,3,5,2
3273,6,3,92,3
3274,6,1,1,4
3275,10,1,41,4
3276,5,1,51,1
3277,6,2,21,1
3278,1,3,93,3
3279,3,3,69,3
3280,1,3,25,4
3281,3,3,34,5
3282,1,1,15,2
3283,1,2,51,1
3284,6,3,8,4
3285,3,3,36,3
3286,5,2,70,2
3287,1,1,75,4
3288,7,3,94,1
3289,9,2,65,5
3290,7,1,83,2
3291,9,2,27,1
3292,2,1,100,3
3293,6,1,61,1
3294,2,1,76,4
3295,6,1,80,1
3296,5,3,58,1
3297,3,3,24,4
3298,6,2,89,5
3299,3,2,55,4
3300,8,3,89,2
3301,6,1,79,1
3302,9,2,46,1
3303,4,2,37,2
3304,2,2,28,2
3305,5,3,34,2
3306,6,1,77,2
3307,6,2,99,1
3308,1,2,88,3
3309,9,2,62,3
3310,7,1,56,4
3311,2,1,60,3
3312,2,1,26,1
3313,10,3,48,2
3314,2,3,5,2
3315,8,1,13,1
3316,6,2,96,3
3317,6,3,77,1
3318,5,1,19,4
3319,5,2,87,4
3320,8,1,48,1
3321,7,1,15,1
3322,3,3,16,5
3323,2,1,75,3
3324,3,3,78,1
3325,9,2,81,1
3326,9,2,57,3
3327,6,3,79,5
3328,4,1,17,2
3329,1,1,23,2
3330,10,1,10,2
3331,6,3,3,1
3332,3,1,15,3
3333,5,1,5,4
3334,2,1,40,4
3335,4,1,90,4
3336,9,1,77,4
3337,7,2,22,4
3338,1,1,55,3
3339,9,1,52,4
3340,9,3,6,5
3341,8,3,97,3
3342,10,1,41,1
3343,1,2,43,2
3344,10,3,88,2
3345,7,3,50,4
3346,10,1,71,4
3347,3,1,72,3
3348,5,1,7,4
3349,5,2,73,5
3350,4,2,27,4
3351,7,1,3,4
3352,1,2,15,1
3353,2,3,92,3
3354,10,2,98,2
3355,5,1,44,4
3356,1,1,89,1
3357,1,2,22,5
3358,2,1,34,4
3359,1,1,99,1
3360,2,3,33,5
3361,3,2,41,3
3362,5,2,4,1
3363,6,1,86,5
3364,8,1,28,3
3365,3,2,89,3
3366,10,2,48,1
3367,4,2,13,5
3368,2,2,90,5
3369,10,1,4,5
3370,1,1,49,3
3371,4,3,39,4
3372,8,3,3,2
3373,3,2,5,5
3374,10,2,94,4
3375,4,3,97,3
3376,5,3,50,3
3377,7,3,76,5
3378,6,1,94,4
3379,1,2,19,5
3380,10,1,2,4
3381,7,3,60,2
3382,1,2,37,1
3383,7,2,15,1
3384,5,2,3,1
3385,10,2,21,5
3386,5,2,22,4
3387,4,3,33,5
3388,4,1,26,5
3389,3,2,63,4
3390,2,1,30,1
3391,8,1,53,2
3392,10,3,5,5
3393,1,3,68,4
3394,10,3,78,5
3395,10,3,44,3
3396,7,1,25,3
3397,6,3,51,2
3398,7,3,92,5
3399,3,2,8,4
3400,3,3,82,3
3401,9,3,93,2
3402,2,1,15,4
3403,10,1,35,1
3404,7,1,24,3
3405,3,3,67,3
3406,1,1,28,4
3407,10,1,36,1
3408,2,2,94,5
3409,5,1,11,1
3410,4,1,68,1
3411,2,1,94,4
3412,5,3,73,5
3413,8,1,77,5
3414,5,1,59,5
3415,5,2,39,4
3416,1,2,63,4
3417,10,3,17,1
3418,10,1,84,5
3419,1,3,42,3
3420,9,2,28,2
3421,2,2,36,3
3422,4,2,24,3
3423,4,3,54,2
3424,8,2,97,5
3425,1,1,52,2
3426,7,2,1,4
3427,5,3,17,5
3428,4,1,29,5
3429,7,3,16,3
3430,8,3,89,1
3431,3,2,23,2
3432,2,2,24,4
3433,9,2,53,1
3434,5,3,58,2
3435,2,3,35,2
3436,8,1,99,3
3437,2,2,14,4
3438,8,2,74,4
3439,8,3,74,5
3440,9,2,20,2
3441,4,3,32,4
3442,9,1,38,2
3443,1,3,81,4
3444,8,3,71,5
3445,6,1,57,2
3446,8,2,35,5
3447,7,2,83,4
3448,1,1,83,1
3449,8,1,68,4
3450,1,2,88,2
3451,7,2,46,5
3452,10,2,36,4
3453,9,2,68,4
3454,1,3,53,4
3455,9,3,21,1
3456,1,2,97,2
3457,1,1,45,3
3458,9,1,23,2
3459,2,2,2,3
3460,3,1,79,4
3461,1,2,90,2
3462,5,2,7,2
3463,5,3,12,4
3464,5,1,72,4
3465,1,3,47,2
3466,7,1,68,3
3467,9,1,49,3
3468,6,2,82,2
3469,7,2,70,4
3470,2,2,22,5
3471,6,3,71,5
3472,6,2,36,3
3473,4,2,8,5
3474,9,3,92,2
3475,6,2,97,5
3476,3,3,93,2
3477,7,2,30,1
3478,1,3,23,5
3479,4,1,24,4
3480,1,3,89,5
3481,3,1,98,5
3482,7,3,96,1
3483,7,1,37,2
3484,3,3,52,1
3485,3,2,69,5
3486,7,2,30,5
3487,2,1,61,2
3488,6,2,60,1
3489,4,2,51,3
3490,6,3,47,2
3491,5,1,26,2
3492,1,3,74,3
3493,10,3,64,4
3494,6,2,20,2
3495,5,1,29,2
3496,7,1,10,3
3497,1,3,38,1
3498,8,3,4,5
3499,4,1,100,1
3500,8,3,71,3
3501,7,1,95,3
3502,2,2,74,5
3503,1,2,9,4
3504,3,3,10,3
3505,7,3,41,1
3506,6,1,49,1
3507,7,2,51,4
3508,10,1,13,4
3509,4,3,23,5
3510,5,3,96,1
3511,7,1,13,3
3512,7,1,62,3
3513,10,1,87,1
3514,3,3,57,4
3515,3,1,17,1
3516,4,2,81,1
3517,1,2,45,5
3518,3,2,99,1
3519,2,1,12,5
3520,4,1,4,4
3521,4,2,95,3
3522,2,2,90,5
3523,1,2,50,3
3524,5,2,54,3
3525,7,2,4,2
3526,3,2,87,1
3527,6,3,12,3
3528,6,3,64,1
3529,4,2,37,5
3530,10,1,98,4
3531,3,3,91,3
3532,7,1,97,3
3533,8,3,46,3
3534,7,3,67,5
3535,5,2,29,3
3536,4,3,23,5
3537,10,3,73,4
3538,7,1,80,4
3539,3,1,40,5
3540,9,2,39,3
3541,4,3,85,2
3542,5,3,18,3
3543,1,3,79,5
3544,6,1,97,4
3545,9,2,10,4
3546,9,2,71,1
3547,6,1,77,5
3548,8,1,37,5
3549,6,3,88,2
3550,5,2,66,2
3551,4,3,55,2
3552,9,3,94,2
3553,2,2,81,5
3554,2,1,17,3
3555,2,1,29,1
3556,10,1,56,4
3557,5,3,55,2
3558,2,2,80,2
3559,5,2,88,2
3560,4,2,29,4
3561,2,1,85,3
3562,10,2,17,5
3563,10,1,41,4
3564,9,1,76,1
3565,9,2,71,4
3566,9,3,43,1
3567,9,2,91,3
3568,5,3,21,4
3569,4,3,15,5
3570,2,1,67,1
3571,8,1,59,2
3572,4,2,92,5
3573,8,2,42,3
3574,9,2,50,4
3575,8,3,31,3
3576,4,3,26,1
3577,6,2,98,1
3578,7,1,70,4
3579,1,1,84,4
3580,3,1,35,1
3581,5,3,65,1
3582,4,3,74,5
3583,6,2,76,5
3584,5,3,6,2
3585,1,1,70,5
3586,1,3,64,2
3587,5,3,93,2
3588,5,2,16,5
3589,7,2,94,1
3590,7,3,19,2
3591,2,1,77,1
3592,3,3,58,5
3593,2,1,37,1
3594,6,1,93,5
3595,6,2,76,1
3596,3,2,95,3
3597,7,3,84,1
3598,6,2,86,4
3599,7,2,68,3
3600,1,3,21,4
3601,3,2,38,1
3602,4,2,94,3
3603,7,3,92,5
3604,7,1,28,1
3605,6,1,40,1
3606,3,1,100,2
3607,5,2,23,4
3608,6,3,45,3
3609,2,1,86,4
3610,7,2,47,1
3611,10,2,96,4
3612,10,3,65,2
3613,1,1,85,3
3614,3,3,85,3
3615,5,3,75,3
3616,3,2,90,1
3617,6,3,45,2
3618,6,2,68,5
3619,8,2,51,5
3620,4,3,21,3
3621,6,1,37,2
3622,2,2,5,5
3623,5,3,32,4
3624,6,2,35,3
3625,10,3,90,3
3626,1,3,54,5
3627,10,3,94,4
3628,2,1,98,3
3629,9,1,75,2
3630,1,1,53,2
3631,7,2,90,3
3632,3,2,7,1
3633,8,3,91,5
3634,1,1,12,3
3635,2,2,39,5
3636,2,2,56,3
3637,5,2,15,1
3638,1,3,94,2
3639,5,2,99,2
3640,4,3,10,2
3641,1,3,49,3
3642,5,3,98,5
3643,4,1,20,1
3644,7,2,83,1
3645,8,3,74,3
3646,4,1,20,5
3647,5,2,19,5
3648,6,2,61,3
3649,4,2,79,1
3650,5,3,32,2
3651,7,3,38,5
3652,4,1,7,4
3653,6,3,65,2
3654,10,3,74,3
3655,9,3,2,1
3656,3,2,80,4
3657,5,1,45,3
3658,7,3,87,4
3659,10,2,50,4
3660,9,1,7,2
3661,10,3,88,5
3662,3,1,82,1
3663,4,1,78,4
3664,2,2,59,1
3665,6,2,33,1
3666,5,1,49,2
3667,1,2,80,1
3668,10,3,14,4
3669,6,1,38,4
3670,6,3,18,5
3671,5,3,97,2
3672,6,1,52,3
3673,3,1,57,4
3674,9,3,15,2
3675,1,2,50,1
3676,9,1,88,4
3677,7,3,48,1
3678,2,2,52,5
3679,5,2,47,4
3680,10,2,14,2
3681,4,2,99,1
3682,4,3,75,3
3683,4,1,12,2
3684,9,1,72,2
3685,3,1,22,4
3686,7,3,50,1
3687,4,3,22,1
3688,4,2,28,2
3689,8,2,17,5
3690,5,2,38,3
3691,7,1,15,1
3692,7,2,80,2
3693,4,3,31,2
3694,10,2,43,5
3695,4,3,65,2
3696,5,1,2,3
3697,6,3,57,3
3698,9,2,69,2
3699,3,3,62,5
3700,4,3,32,5
3701,2,3,77,2
3702,3,3,98,4
3703,5,2,10,3
3704,8,2,36,2
3705,2,3,38,2
3706,9,2,35,3
3707,8,2,14,2
3708,3,3,75,5
3709,1,1,88,4
3710,7,1,94,2
3711,10,3,51,1
3712,8,2,26,4
3713,3,3,49,4
3714,10,3,3,3
3715,4,1,92,3
3716,10,1,78,1
3717,4,3,57,4
3718,1,1,57,5
3719,5,3,74,3
3720,6,1,11,2
3721,1,2,83,1
3722,5,1,58,1
3723,9,1,62,3
3724,2,2,88,1
3725,9,3,50,2
3726,1,2,49,1
3727,10,2,66,3
3728,4,1,98,5
3729,5,2,32,5
3730,9,1,87,3
3731,5,3,37,3
3732,9,3,45,1
3733,4,1,86,3
3734,7,2,43,3
3735,10,1,7,3
3736,10,3,38,4
3737,8,3,39,1
3738,3,1,10,3
3739,1,1,28,1
3740,3,2,66,3
3741,10,3,67,4
3742,6,3,29,1
3743,6,1,3,2
3744,4,3,79,1
3745,4,2,28,4
3746,8,1,19,4
3747,6,3,10,4
3748,7,3,46,4
3749,7,3,44,4
3750,8,1,48,3
3751,3,1,30,2
3752,4,1,56,2
3753,9,1,49,5
3754,6,1,11,1
3755,9,3,52,1
3756,1,1,30,4
3757,5,1,87,1
3758,9,2,28,4
3759,7,1,6,4
3760,3,1,45,5
3761,2,3,87,1
3762,6,2,44,5
3763,5,1,95,2
3764,9,2,22,3
3765,7,1,80,5
3766,6,1,91,1
3767,6,2,16,3
3768,9,1,27,2
3769,2,2,62,5
3770,6,3,53,2
3771,10,1,94,5
3772,1,1,79,2
3773,5,2,61,3
3774,4,1,13,3
3775,2,1,69,2
3776,10,2,23,5
3777,7,3,41,3
3778,1,2,51,3
3779,9,2,70,4
3780,8,2,37,5
3781,10,3,1,5
3782,10,1,84,4
3783,1,2,26,3
3784,1,3,82,1
3785,5,1,26,4
3786,4,3,62,3
3787,10,2,30,5
3788,9,1,21,5
3789,6,1,89,1
3790,3,3,83,4
3791,4,1,71,5
3792,2,1,74,3
3793,4,1,16,1
3794,2,2,65,2
3795,4,1,22,2
3796,8,3,90,3
3797,2,2,82,3
3798,2,3,55,5
3799,10,3,38,4
3800,4,3,23,3
3801,4,3,95,2
3802,8,2,53,2
3803,4,3,55,5
3804,4,1,55,4
3805,6,1,18,4
3806,3,2,26,4
3807,1,3,96,3
3808,9,3,57,1
3809,8,3,77,2
3810,5,3,94,2
3811,9,3,52,5
3812,5,2,13,3
3813,5,3,45,3
3814,1,1,95,5
3815,2,1,49,1
3816,10,2,29,3
3817,10,1,76,2
3818,9,2,64,4
3819,8,1,60,1
3820,2,3,83,1
3821,7,3,15,1
3822,3,3,7,1
3823,9,3,4,3
3824,5,1,49,4
3825,9,2,59,1
3826,7,1,30,5
3827,8,3,41,5
3828,10,2,47,4
3829,10,2,7,3
3830,5,1,66,5
3831,4,3,76,5
3832,5,1,66,2
3833,5,1,84,4
3834,7,3,14,4
3835,6,2,96,2
3836,7,1,77,3
3837,3,1,70,2
3838,2,2,96,4
3839,2,1,6,3
3840,2,2,11,4
3841,6,3,46,3
3842,7,1,61,5
3843,10,3,41,1
3844,3,3,95,5
3845,1,3,85,2
3846,10,3,47,1
3847,3,2,28,5
3848,2,2,93,4
3849,1,2,7,1
3850,3,1,84,1
3851,1,1,55,3
3852,6,1,50,1
3853,5,1,26,4
3854,5,3,17,5
3855,6,1,54,5
3856,7,2,22,1
3857,4,1,24,2
3858,1,2,19,2
3859,4,2,25,5
3860,9,1,67,5
3861,8,3,31,3
3862,6,3,92,1
3863,2,2,37,5
3864,2,1,69,1
3865,3,2,60,3
3866,6,1,97,1
3867,2,1,58,5
3868,10,1,11,4
3869,8,1,51,1
3870,8,1,97,4
3871,8,1,11,5
3872,7,3,41,5
3873,7,1,72,4
3874,6,1,67,1
3875,10,3,73,5
3876,9,1,84,5
3877,2,3,32,2
3878,6,2,88,5
3879,8,1,97,4
3880,3,3,48,1
3881,9,2,97,4
3882,4,2,68,3
3883,5,2,26,1
3884,5,1,90,2
3885,4,1,36,1
3886,7,2,17,1
3887,1,3,39,1
3888,10,3,6,3
3889,8,1,62,4
3890,3,2,3,2
3891,10,3,36,1
3892,9,3,10,4
3893,1,2,25,1
3894,6,2,37,1
3895,5,3,52,1
3896,10,3,89,4
3897,2,3,91,2
3898,4,2,2,3
3899,1,1,77,1
3900,3,3,15,4
3901,2,2,93,1
3902,10,3,99,5
3903,3,2,37,5
3904,6,2,17,5
3905,4,3,84,2
3906,2,2,19,5
3907,6,2,99,3
3908,8,3,56,4
3909,6,2,7,5
3910,9,1,32,1
3911,2,3,98,5
3912,1,3,69,5
3913,10,1,73,5
3914,4,3,58,3
3915,1,1,30,4
3916,8,2,17,4
3917,8,1,82,2
3918,1,1,18,3
3919,5,3,82,4
3920,6,1,5,3
3921,8,1,14,1
3922,2,2,64,5
3923,7,1,38,2
3924,3,2,71,2
3925,6,2,39,2
3926,5,3,35,5
3927,2,2,57,4
3928,7,2,78,4
3929,1,2,98,4
3930,7,2,72,5
3931,10,1,64,4
3932,1,2,1,1
3933,9,1,48,3
3934,1,3,78,3
3935,6,2,63,3
3936,1,3,43,2
3937,4,1,50,3
3938,5,2,91,5
3939,2,3,58,5
3940,3,2,78,5
3941,8,3,25,1
3942,8,2,68,2
3943,5,2,38,5
3944,2,1,5,3
3945,10,2,23,1
3946,6,1,32,3
3947,10,2,55,4
3948,3,1,51,2
3949,9,1,34,2
3950,10,3,83,5
3951,8,2,11,5
3952,5,3,79,1
3953,8,1,71,3
3954,6,2,95,4
3955,10,1,2,4
3956,9,1,58,5
3957,1,1,22,5
3958,7,3,17,2
3959,3,2,26,3
3960,8,2,91,4
3961,7,1,6,4
3962,10,1,62,5
3963,4,1,66,1
3964,6,1,43,2
3965,2,3,48,2
3966,1,3,94,1
3967,6,3,40,4
3968,1,2,45,4
3969,6,1,74,1
3970,2,3,29,4
3971,2,1,77,3
3972,3,1,60,5
3973,9,3,56,4
3974,4,1,77,1
3975,1,1,77,1
3976,5,2,48,3
3977,9,3,92,1
3978,5,1,11,2
3979,10,2,12,3
3980,1,1,83,3
3981,1,2,21,5
3982,6,1,5,3
3983,9,1,54,2
3984,9,3,54,1
3985,3,1,80,3
3986,7,1,22,3
3987,10,2,40,4
3988,10,3,24,2
3989,1,1,98,4
3990,2,2,98,3
3991,9,1,30,3
3992,1,2,46,1
3993,7,3,1,2
3994,4,1,17,4
3995,4,1,18,5
3996,9,3,13,5
3997,5,1,96,3
3998,4,2,36,1
3999,10,2,45,4
4000,8,1,73,4
4001,10,1,68,3
4002,4,2,33,5
4003,10,3,92,4
4004,3,2,43,2
4005,3,3,78,3
4006,1,2,46,2
4007,10,2,34,1
4008,5,3,60,5
4009,1,1,96,5
4010,1,1,58,2
4011,2,1,82,3
4012,7,1,42,5
4013,3,3,22,3
4014,7,2,47,2
4015,7,3,77,1
4016,1,1,32,2
4017,10,3,18,3
4018,3,2,54,3
4019,8,2,15,5
4020,2,2,70,1
4021,9,2,36,1
4022,7,3,22,1
4023,9,3,59,4
4024,1,3,80,4
4025,9,2,86,5
4026,3,3,21,5
4027,7,3,12,3
4028,8,3,87,4
4029,10,2,13,1
4030,2,3,43,1
4031,1,1,49,5
4032,1,2,22,1
4033,1,2,15,5
4034,2,3,59,1
4035,4,1,75,3
4036,4,3,45,4
4037,9,1,63,5
4038,1,1,67,1
4039,3,3,43,5
4040,6,1,62,1
4041,10,3,93,3
4042,6,3,49,2
4043,2,1,69,5
4044,10,1,95,3
4045,8,1,80,3
4046,1,3,6,2
4047,7,1,35,2
4048,6,2,56,4
4049,1,2,33,2
4050,9,3,50,2
4051,9,2,84,3
4052,3,2,97,1
4053,7,1,17,3
4054,9,2,46,2
4055,9,2,57,2
4056,7,2,23,1
4057,3,1,69,3
4058,3,3,44,4
4059,7,2,51,5
4060,6,1,17,2
4061,1,2,96,5
4062,1,2,45,5
4063,3,3,63,1
4064,6,2,47,2
4065,6,1,99,2
4066,6,3,55,1
4067,7,1,15,4
4068,8,1,66,5
4069,3,3,48,2
4070,5,3,57,2
4071,5,1,17,1
4072,2,3,6,4
4073,9,1,16,2
4074,6,3,61,5
4075,4,2,15,4
4076,3,2,63,5
4077,5,3,75,1
4078,6,3,3,4
4079,4,1,75,1
4080,9,1,16,2
4081,8,2,44,2
4082,5,1,24,5
4083,3,3,19,5
4084,5,2,19,5
4085,7,3,55,2
4086,2,3,14,4
4087,3,3,79,1
4088,8,2,24,2
4089,10,1,80,3
4090,4,1,8,4
4091,6,3,68,4
4092,1,2,32,1
4093,3,2,37,3
4094,6,3,44,1
4095,8,2,83,3
4096,8,1,54,4
4097,6,1,88,5
4098,4,2,10,4
4099,9,1,100,4
4100,6,1,46,3
4101,3,3,7,1
4102,10,2,30,2
4103,5,2,49,3
4104,2,2,28,3
4105,1,3,67,2
4106,4,1,93,2
4107,9,1,92,4
4108,1,3,21,2
4109,9,2,50,4
4110,2,1,23,5
4111,7,1,52,1
4112,10,2,8,5
4113,7,3,61,2
4114,4,1,4,4
4115,3,3,52,5
4116,7,1,26,1
4117,7,3,3,4
4118,10,1,100,2
4119,9,1,53,1
4120,2,2,25,3
4121,4,2,42,5
4122,4,1,45,1
4123,1,2,20,5
4124,9,2,20,5
4125,6,3,43,2
4126,10,1,38,3
4127,3,1,13,5
4128,8,1,50,5
4129,2,1,47,1
4130,5,3,79,1
4131,9,3,33,4
4132,1,1,82,5
4133,3,2,60,4
4134,4,2,97,5
4135,4,3,97,2
4136,8,2,91,3
4137,6,2,98,3
4138,6,3,25,5
4139,3,1,1,5
4140,8,2,28,3
4141,6,3,100,1
4142,9,2,61,1
4143,5,2,91,5
4144,4,1,98,4
4145,10,2,93,2
4146,4,3,5,3
4147,6,3,93,5
4148,10,3,59,4
4149,1,2,28,1
4150,10,2,7,1
4151,6,1,97,3
4152,5,3,88,5
4153,7,2,5,2
4154,1,2,47,3
4155,4,2,23,1
4156,9,1,65,1
4157,5,3,75,4
4158,10,2,49,1
4159,5,1,25,3
4160,5,2,71,2
4161,9,2,36,1
4162,2,1,45,1
4163,2,2,75,1
4164,6,3,98,4
4165,1,2,65,1
4166,2,1,1,3
4167,10,1,89,5
4168,3,1,39,2
4169,6,3,9,3
4170,7,3,30,4
4171,1,1,90,4
4172,7,2,38,3
4173,5,3,22,2
4174,6,2,83,4
4175,4,3,93,2
4176,4,1,39,4
4177,4,3,88,3
4178,3,3,49,2
4179,7,3,4,2
4180,10,3,57,3
4181,4,2,63,5
4182,3,2,43,4
4183,1,2,19,2
4184,2,1,60,3
4185,9,1,69,4
4186,1,3,18,2
4187,8,2,7,1
4188,4,3,54,1
4189,8,2,47,1
4190,6,1,95,5
4191,1,3,83,4
4192,9,2,49,2
4193,10,2,45,5
4194,6,1,7,4
4195,5,3,22,2
4196,7,3,59,3
4197,7,3,6,3
4198,1,2,42,4
4199,9,2,74,5
4200,5,1,33,4
4201,10,3,84,5
4202,4,3,99,1
4203,7,2,46,1
4204,10,1,53,5
4205,7,3,88,2
4206,10,2,2,1
4207,2,3,83,4
4208,4,3,2,1
4209,5,3,15,1
4210,7,2,56,5
4211,7,1,4,5
4212,9,2,82,2
4213,3,2,74,5
4214,5,1,33,5
4215,4,2,36,5
4216,3,3,92,5
4217,6,2,35,2
4218,3,1,54,3
4219,6,1,60,3
4220,3,3,16,1
4221,8,1,10,1
4222,6,2,46,5
4223,1,1,99,1
4224,2,1,15,5
4225,1,3,26,3
4226,10,3,95,3
4227,8,3,7,2
4228,9,1,68,5
4229,2,2,60,4
4230,5,2,37,4
4231,7,3,32,3
4232,6,1,40,4
4233,4,2,21,2
4234,6,3,59,4
4235,1,3,46,3
4236,9,3,85,3
4237,8,3,5,4
4238,4,3,97,3
4239,2,3,50,5
4240,6,2,52,2
4241,9,2,33,1
4242,6,3,39,2
4243,8,1,47,1
4244,9,3,55,2
4245,10,3,91,2
4246,6,3,86,1
4247,5,1,90,1
4248,9,2,78,4
4249,2,1,100,4
4250,5,2,23,1
4251,4,3,49,5
4252,4,2,63,3
4253,10,3,29,4
4254,9,2,66,1
4255,7,1,61,3
4256,2,2,22,3
4257,6,3,35,2
4258,10,1,53,1
4259,5,3,61,4
4260,7,3,9,1
4261,9,2,81,2
4262,7,2,88,5
4263,10,1,39,2
4264,5,2,54,1
4265,8,2,47,5
4266,3,2,53,3
4267,7,1,26,2
4268,10,3,67,2
4269,9,3,10,2
4270,9,1,28,4
4271,4,1,12,2
4272,5,1,18,4
4273,9,1,39,1
4274,2,3,51,2
4275,5,1,55,5
4276,4,3,67,2
4277,10,3,68,5
4278,10,2,26,4
4279,1,1,90,5
4280,4,2,26,2
4281,2,1,63,3
4282,4,2,66,2
4283,1,2,30,2
4284,1,3,10,2
4285,6,2,54,1
4286,6,3,28,4
4287,2,3,8,2
4288,7,2,48,1
4289,1,3,54,4
4290,8,2,37,2
4291,10,1,67,5
4292,8,1,25,5
4293,4,2,25,4
4294,1,3,94,3
4295,6,3,62,4
4296,10,1,68,5
4297,5,2,39,1
4298,4,3,36,2
4299,7,3,12,1
4300,4,3,34,1
4301,6,1,93,1
4302,3,2,87,1
4303,2,1,2,1
4304,4,3,6,4
4305,6,3,95,1
4306,7,3,6,4
4307,9,2,43,5
4308,7,3,92,5
4309,5,3,49,5
4310,6,2,88,5
4311,1,3,61,2
4312,3,1,79,5
4313,6,2,26,2
4314,7,2,3,4
4315,9,3,62,5
4316,4,3,7,2
4317,6,3,60,5
4318,6,3,85,5
4319,7,1,78,4
4320,6,1,45,2
4321,3,3,85,3
4322,9,3,23,3
4323,8,2,49,3
4324,4,1,14,3
4325,4,1,9,5
4326,9,3,9,3
4327,8,2,76,1
4328,6,3,81,3
4329,10,3,76,3
4330,8,1,45,4
4331,8,3,48,1
4332,1,1,20,4
4333,8,1,98,3
4334,10,1,55,3
4335,9,2,79,2
4336,10,1,54,5
4337,6,3,92,1
4338,10,1,12,3
4339,1,2,82,1
4340,4,1,74,3
4341,9,3,41,1
4342,7,1,78,2
4343,5,2,44,1
4344,3,1,25,5
4345,3,2,73,4
4346,10,2,59,3
4347,2,3,18,5
4348,2,1,53,1
4349,2,3,1,5
4350,8,2,39,1
4351,1,1,26,5
4352,5,2,21,5
4353,2,1,2,3
4354,8,3,75,3
4355,4,2,64,3
4356,9,1,71,1
4357,4,2,48,3
4358,8,2,41,5
4359,9,2,25,5
4360,6,1,99,2
4361,2,1,98,2
4362,5,2,35,2
4363,3,3,57,3
4364,6,3,93,4
4365,9,1,78,3
4366,4,3,93,5
4367,2,1,55,1
4368,1,3,11,4
4369,6,2,55,4
4370,10,3,18,5
4371,10,3,97,1
4372,7,2,43,3
4373,2,1,12,1
4374,5,1,9,2
4375,3,2,72,4
4376,1,2,1,5
4377,7,3,53,1
4378,1,3,44,3
4379,7,1,99,5
4380,2,3,67,5
4381,3,2,62,4
4382,5,3,33,3
4383,2,3,74,3
4384,9,1,73,5
4385,7,2,48,2
4386,6,3,9,2
4387,8,1,100,1
4388,6,3,89,3
4389,4,2,95,4
4390,4,3,26,4
4391,4,2,46,4
4392,6,3,50,5
4393,1,2,74,3
4394,5,1,80,2
4395,10,1,7,5
4396,3,3,4,5
4397,7,2,32,2
4398,6,3,53,2
4399,1,1,88,2
4400,3,2,5,1
4401,10,2,14,1
4402,6,3,79,1
4403,3,3,68,3
4404,6,2,44,4
4405,1,3,53,4
4406,9,2,49,5
4407,8,2,51,5
4408,2,2,35,4
4409,3,1,8,3
4410,8,3,18,3
4411,9,3,85,2
4412,2,1,31,5
4413,7,2,71,3
4414,1,1,27,2
4415,2,3,95,5
4416,9,2,66,3
4417,1,2,69,2
4418,5,2,75,4
4419,1,3,80,2
4420,7,1,47,1
4421,7,1,1,4
4422,9,2,43,2
4423,6,2,54,3
4424,10,1,76,2
4425,8,1,66,1
4426,8,1,5,2
4427,9,1,65,4
4428,7,2,87,5
4429,5,2,80,5
4430,6,3,80,4
4431,4,3,90,3
4432,1,1,17,5
4433,7,3,21,1
4434,7,2,55,4
4435,4,1,44,3
4436,1,2,96,1
4437,3,1,1,4
4438,4,3,31,5
4439,10,1,60,4
4440,3,3,92,2
4441,10,2,86,3
4442,10,2,2,4
4443,8,3,94,1
4444,3,1,49,5
4445,1,3,33,5
4446,7,2,37,2
4447,9,3,11,1
4448,6,2,19,3
4449,6,1,30,2
4450,3,1,52,2
4451,10,1,25,3
4452,4,2,60,2
4453,2,2,63,2
4454,10,3,84,2
4455,5,3,99,1
4456,9,2,21,1
4457,5,2,93,3
4458,1,2,10,3
4459,9,2,43,5
4460,7,2,67,3
4461,6,1,30,3
4462,7,3,18,2
4463,6,3,74,1
4464,9,2,71,2
4465,4,1,82,3
4466,5,3,91,4
4467,7,2,7,1
4468,8,2,83,5
4469,5,2,86,1
4470,3,2,7,4
4471,9,1,4,5
4472,10,3,10,3
4473,7,2,27,5
4474,7,1,55,5
4475,4,3,77,4
4476,8,2,40,1
4477,6,1,83,5
4478,3,2,30,5
4479,10,1,39,3
4480,2,2,19,3
4481,6,3,16,1
4482,2,3,98,3
4483,7,3,1,1
4484,7,1,70,4
4485,8,2,77,1
4486,10,1,27,3
4487,4,3,7,1
4488,6,2,31,2
4489,1,2,50,1
4490,9,2,29,3
4491,10,2,34,4
4492,9,3,99,3
4493,4,3,14,1
4494,1,3,7,1
4495,2,3,28,4
4496,3,2,64,4
4497,1,3,88,3
4498,5,3,83,4
4499,1,3,9,1
4500,8,2,52,3
4501,4,2,57,5
4502,6,1,57,2
4503,8,2,86,1
4504,5,3,22,3
4505,8,3,94,2
4506,5,2,87,2
4507,7,1,32,4
4508,1,3,19,1
4509,10,3,74,2
4510,8,3,24,4
4511,3,3,68,5
4512,6,2,68,3
4513,9,3,38,1
4514,7,2,24,1
4515,7,2,85,3
4516,9,3,62,2
4517,7,1,19,1
4518,7,2,84,2
4519,1,2,57,1
4520,7,2,29,2
4521,4,3,57,5
4522,7,2,72,3
4523,8,3,94,4
4524,8,3,19,1
4525,6,3,61,4
4526,5,3,28,1
4527,9,1,32,2
4528,4,3,49,4
4529,2,3,9,3
4530,1,1,24,3
4531,1,1,87,5
4532,6,1,76,2
4533,10,1,9,1
4534,3,1,76,5
4535,1,3,47,1
4536,6,1,72,1
4537,9,2,86,1
4538,3,3,66,2
4539,6,2,97,1
4540,7,1,85,5
4541,5,2,22,1
4542,4,2,50,2
4543,6,3,97,4
4544,10,1,49,1
4545,6,2,18,4
4546,4,1,92,2
4547,10,2,53,4
4548,1,3,86,1
4549,5,3,68,5
4550,5,1,83,4
4551,2,2,61,2
4552,7,2,98,3
4553,6,1,30,2
4554,2,1,89,5
4555,4,2,72,2
4556,3,2,80,3
4557,1,2,81,4
4558,8,2,29,2
4559,10,3,1,3
4560,2,3,37,5
4561,7,1,63,3
4562,1,1,6,3
4563,1,1,89,2
4564,4,3,100,4
4565,8,1,29,1
4566,8,1,84,2
4567,4,3,41,3
4568,7,2,67,5
4569,5,3,87,1
4570,7,1,26,4
4571,7,1,14,1
4572,2,1,36,4
4573,10,1,30,2
4574,8,2,29,3
4575,9,1,57,4
4576,2,2,37,4
4577,3,1,69,5
4578,6,1,93,5
4579,1,1,12,4
4580,1,2,30,3
4581,1,1,67,5
4582,5,2,51,5
4583,10,3,38,3
4584,9,3,24,2
4585,9,2,63,4
4586,6,1,6,2
4587,4,1,47,3
4588,7,2,84,1
4589,8,3,96,4
4590,7,2,31,3
4591,6,1,21,2
4592,4,3,96,5
4593,10,3,40,5
4594,4,3,43,2
4595,2,2,16,4
4596,8,3,58,5
4597,1,2,57,4
4598,3,1,51,2
4599,5,2,1,5
4600,3,2,94,4
4601,7,1,30,1
4602,10,3,15,4
4603,2,3,11,5
4604,1,1,45,1
4605,7,1,69,1
4606,10,1,78,5
4607,5,1,85,5
4608,3,3,82,5
4609,9,3,36,3
4610,4,2,70,4
4611,4,2,15,3
4612,10,3,99,3
4613,1,1,47,4
4614,3,1,12,1
4615,4,3,69,4
4616,8,1,72,2
4617,6,1,19,2
4618,8,2,15,5
4619,7,2,92,4
4620,1,1,13,3
4621,10,3,45,4
4622,7,3,60,5
4623,1,3,5,3
4624,6,1,28,3
4625,2,2,23,2
4626,2,1,56,4
4627,10,3,58,4
4628,3,2,73,3
4629,8,3,19,2
4630,7,2,28,5
4631,10,2,73,4
4632,5,3,36,2
4633,5,3,36,4
4634,9,3,78,1
4635,6,2,10,1
4636,3,1,56,3
4637,7,3,32,1
4638,9,1,28,4
4639,2,3,38,1
4640,8,1,61,2
4641,3,3,91,4
4642,6,3,97,2
4643,10,2,34,2
4644,6,2,86,4
4645,1,2,43,2
4646,2,1,33,4
4647,2,3,97,1
4648,3,3,51,4
4649,9,3,51,3
4650,2,1,61,1
4651,8,2,46,4
4652,8,1,69,5
4653,9,1,33,5
4654,8,2,11,1
4655,8,2,94,3
4656,1,2,66,1
4657,1,3,93,5
4658,1,1,36,2
4659,7,1,88,1
4660,8,2,13,4
4661,7,2,74,3
4662,2,3,29,1
4663,8,1,18,4
4664,9,2,32,2
4665,4,3,51,3
4666,7,3,44,4
4667,3,3,84,5
4668,1,2,34,3
4669,6,2,98,5
4670,9,1,64,4
4671,2,3,99,5
4672,8,2,52,4
4673,9,3,50,1
4674,8,2,63,2
4675,1,1,28,5
4676,8,3,30,2
4677,2,3,40,1
4678,5,1,1,1
4679,2,1,73,4
4680,8,2,55,1
4681,3,3,58,5
4682,3,3,66,4
4683,10,1,75,3
4684,4,2,96,2
4685,9,1,52,5
4686,2,2,83,5
4687,1,1,28,2
4688,10,2,100,4
4689,9,2,25,2
4690,7,1,36,2
4691,5,3,34,5
4692,2,3,73,5
4693,2,2,93,3
4694,1,3,33,5
4695,5,1,12,2
4696,9,2,32,1
4697,9,2,94,1
4698,7,3,12,1
4699,5,3,60,4
4700,1,3,73,4
4701,4,2,63,4
4702,5,3,23,5
4703,10,3,67,3
4704,5,2,84,4
4705,9,2,91,1
4706,10,1,5,4
4707,9,1,72,1
4708,2,3,80,5
4709,9,3,50,5
4710,1,2,83,1
4711,6,2,81,4
4712,10,1,35,5
4713,6,2,63,3
4714,10,1,81,5
4715,5,1,61,3
4716,10,1,80,1
4717,3,1,99,4
4718,6,2,71,2
4719,6,2,45,5
4720,3,1,11,4
4721,2,1,29,5
4722,3,2,33,4
4723,2,1,22,2
4724,6,2,51,5
4725,3,2,50,1
4726,5,3,89,4
4727,6,1,49,5
4728,8,3,7,4
4729,3,3,57,3
4730,5,3,22,3
4731,9,2,17,3
4732,1,2,98,5
4733,3,3,6,2
4734,8,2,63,2
4735,10,2,18,2
4736,4,2,43,5
4737,9,3,94,2
4738,8,2,20,1
4739,2,1,40,5
4740,7,3,1,2
4741,5,3,60,4
4742,9,3,73,1
4743,1,1,19,2
4744,7,2,98,5
4745,6,3,64,3
4746,9,3,9,2
4747,1,2,5,5
4748,3,2,78,3
4749,8,1,40,3
4750,2,3,21,5
4751,8,3,70,1
4752,1,2,14,3
4753,3,3,50,2
4754,2,1,73,2
4755,1,1,39,5
4756,6,1,21,1
4757,10,3,45,1
4758,4,2,36,4
4759,10,3,38,1
4760,7,1,46,5
4761,6,1,7,1
4762,9,3,75,5
4763,6,2,61,4
4764,10,1,29,2
4765,8,1,80,4
4766,2,1,26,5
4767,10,2,94,5
4768,2,3,37,5
4769,4,2,11,4
4770,2,3,49,4
4771,7,3,39,1
4772,10,3,14,3
4773,6,2,49,4
4774,2,1,20,5
4775,10,2,58,5
4776,5,2,54,1
4777,8,2,2,2
4778,4,2,13,4
4779,1,3,53,2
4780,9,2,71,4
4781,1,1,26,1
4782,3,2,81,4
4783,5,2,77,3
4784,4,1,49,5
4785,6,3,75,3
4786,3,2,63,5
4787,5,3,18,2
4788,1,1,92,2
4789,9,2,20,4
4790,4,3,10,4
4791,2,3,63,4
4792,1,3,90,5
4793,6,2,30,3
4794,2,2,92,2
4795,4,2,29,5
4796,1,1,51,4
4797,9,2,34,1
4798,8,2,70,2
4799,10,2,87,4
4800,8,2,6,1
4801,8,1,30,4
4802,2,2,66,2
4803,4,2,4,3
4804,10,2,65,3
4805,3,1,39,4
4806,6,3,19,2
4807,4,3,26,3
4808,1,3,50,1
4809,7,1,72,5
4810,7,2,93,4
4811,1,1,52,5
4812,3,2,28,4
4813,6,3,25,5
4814,6,3,26,4
4815,3,2,57,3
4816,1,1,1,2
4817,6,3,3,2
4818,1,2,20,4
4819,5,1,75,3
4820,6,1,53,2
4821,2,3,77,2
4822,10,1,1,5
4823,2,1,78,4
4824,3,1,48,1
4825,1,1,19,3
4826,6,2,36,3
4827,9,1,49,1
4828,9,3,91,5
4829,5,3,54,3
4830,10,1,21,3
4831,7,2,87,3
4832,10,1,86,1
4833,5,3,87,5
4834,7,3,40,3
4835,2,2,86,4
4836,7,1,71,5
4837,6,2,40,4
4838,1,1,83,1
4839,6,3,11,2
4840,7,3,47,3
4841,1,2,25,5
4842,1,2,39,3
4843,5,3,8,5
4844,4,1,94,5
4845,6,1,6,3
4846,3,1,42,1
4847,2,3,65,2
4848,2,1,13,1
4849,5,2,40,4
4850,5,1,68,2
4851,9,3,91,2
4852,6,3,63,1
4853,9,2,77,2
4854,3,3,100,2
4855,1,2,39,4
4856,8,1,4,3
4857,6,3,39,4
4858,6,1,93,4
4859,5,3,9,2
4860,6,2,51,4
4861,2,3,57,1
4862,9,3,72,5
4863,3,2,50,4
4864,9,3,79,5
4865,2,3,4,3
4866,9,3,95,1
4867,8,2,30,1
4868,9,1,49,2
4869,8,1,58,5
4870,10,2,80,2
4871,4,2,7,2
4872,1,1,88,1
4873,4,2,47,5
4874,1,2,67,2
4875,3,1,79,4
4876,9,1,50,2
4877,7,2,70,2
4878,10,3,52,1
4879,2,2,5,2
4880,8,3,54,2
4881,10,3,55,1
4882,7,1,52,3
4883,1,2,6,1
4884,4,1,43,5
4885,1,1,54,2
4886,6,3,99,1
4887,8,2,79,5
4888,2,1,99,5
4889,10,3,21,1
4890,8,2,99,2
4891,2,2,55,3
4892,5,2,58,2
4893,3,3,69,4
4894,1,3,58,1
4895,10,3,21,5
4896,9,1,43,4
4897,9,2,100,5
4898,9,1,22,1
4899,7,1,23,2
4900,10,3,25,3
4901,2,1,30,5
4902,7,1,71,2
4903,9,3,45,3
4904,8,3,35,4
4905,7,3,22,3
4906,8,2,99,2
4907,6,2,67,1
4908,4,1,55,1
4909,7,1,19,4
4910,9,2,38,4
4911,5,2,34,5
4912,4,1,20,4
4913,3,3,32,4
4914,6,3,20,4
4915,6,1,92,1
4916,10,1,72,5
4917,10,2,1,5
4918,7,2,37,1
4919,7,2,96,5
4920,2,2,44,2
4921,4,2,66,1
4922,4,2,10,4
4923,3,3,44,1
4924,2,3,32,1
4925,5,3,44,5
4926,5,3,48,2
4927,1,1,58,5
4928,9,3,11,2
4929,10,1,30,5
4930,7,1,72,4
4931,9,2,85,3
4932,5,2,37,1
4933,6,2,42,4
4934,6,3,66,5
4935,3,3,74,1
4936,3,3,19,5
4937,3,2,32,5
4938,1,3,57,1
4939,9,1,64,3
4940,4,3,71,4
4941,8,3,52,3
4942,8,1,51,2
4943,8,1,70,2
4944,4,2,63,1
4945,5,2,45,5
4946,2,2,88,2
4947,7,1,55,2
4948,6,1,32,2
4949,8,3,36,5
4950,9,1,68,3
4951,6,2,27,2
4952,8,3,58,3
4953,1,1,80,5
4954,7,3,87,2
4955,7,3,65,5
4956,4,2,71,4
4957,10,3,38,5
4958,5,3,65,5
4959,1,2,87,3
4960,1,1,90,2
4961,4,1,94,1
4962,3,3,5,3
4963,9,1,51,4
4964,8,2,87,1
4965,10,3,10,4
4966,4,3,70,1
4967,5,3,13,2
4968,9,1,46,3
4969,9,3,26,3
4970,8,3,24,5
4971,6,3,7,2
4972,9,3,91,1
4973,8,3,42,1
4974,1,3,86,2
4975,9,2,21,4
4976,8,2,50,3
4977,3,3,35,3
4978,6,1,61,1
4979,5,1,4,1
4980,7,2,80,1
4981,9,3,86,4
4982,8,1,21,4
4983,1,2,92,1
4984,6,1,34,5
4985,3,1,39,5
4986,9,2,53,3
4987,7,2,26,5
4988,7,3,33,2
4989,9,1,88,5
4990,9,2,85,3
4991,5,2,96,5
4992,2,1,47,2
4993,6,2,40,5
4994,1,1,81,3
4995,3,3,26,3
4996,8,2,40,1
4997,2,2,69,3
4998,4,2,94,3
4999,6,1,98,1
5000,10,2,49,2
